# Resource object code (Python 3)
# Created by: object code
# Created by: The Resource Compiler for Qt version 6.11.1
# WARNING! All changes made in this file will be lost!

from qgis.PyQt import QtCore

qt_resource_data = b"\
\x00\x00\x13\xb0\
\x89\
PNG\x0d\x0a\x1a\x0a\x00\x00\x00\x0dIHDR\x00\
\x00\x00\xc8\x00\x00\x00\x95\x08\x06\x00\x00\x00\x1dH\xb5\xb7\
\x00\x00\x00\x01sRGB\x00\xae\xce\x1c\xe9\x00\x00\x05\
btEXtmxfile\x00%3Cm\
xfile%20host%3D%\
22app.diagrams.n\
et%22%20modified\
%3D%222022-10-05\
T06%3A58%3A28.28\
4Z%22%20agent%3D\
%225.0%20(Window\
s%20NT%2010.0%3B\
%20Win64%3B%20x6\
4)%20AppleWebKit\
%2F537.36%20(KHT\
ML%2C%20like%20G\
ecko)%20Chrome%2\
F105.0.0.0%20Saf\
ari%2F537.36%20E\
dg%2F105.0.1343.\
53%22%20etag%3D%\
22wNVZZ66lv5KvVt\
O9-mx3%22%20vers\
ion%3D%2220.4.0%\
22%20type%3D%22d\
evice%22%3E%3Cdi\
agram%20id%3D%22\
uzbTDIeKd6uhhh1k\
yxa7%22%20name%3\
D%22Page-1%22%3E\
7Zdbb9sgGIZ%2FTS\
4r4VOcXKZp3W3SpE\
yZtGvXUJsNG4%2Fg\
nH79Pgz4EGdrkqbd\
JrW9CH75eDk9nzEj\
b55vH0RcZp85Jmzk\
IrwdeXcj13V814Ef\
pey0Ek59LaSCYhPU\
Cku6J0ZERq0oJqte\
oOScSVr2xYQXBUlk\
T4uF4Jt%2B2BNn%2\
FV7LOCUDYZnEbKh%\
2Bo1hmWp0EqNU%2F\
EJpmtmcHmZo8tsFG\
WGUx5puO5N2PvLng\
XOpSvp0TphbProtu\
F%2F2mthmYIIU8pc\
Ftvsu2X1Cy%2FP5p\
%2FvVhtr%2Fb5x9v\
nEDbrGNWmRmb0cqd\
XQJS4JlaSXgqeAHi\
bSZzBk8OFJ8oY3PO\
uKhjPRyQCfZBX0nB\
f5BOzW39r2p4JRKy\
IILmRBKxLOOEFikE\
IahMKrEm2HhrD7vs\
U1D02Age7Fm7CE6z\
tMAk4dCH2EHIpt08\
u3dZZ9%2BsJgiLJV\
337WPDUNrYNT0sOI\
WOXWR4Dyy2hnbfQ3\
0LM3ndqrtZh0bBM0\
YyFimRAyModKbdSj\
UL53Dhv3NxRS688Z\
W48NHf5WL6VlggFE\
UIvRALGIo5UcL%2F\
ABIfBVd6eTxn9Nov\
D%2FeFlAxoiKIJ0j\
QM9viPfAheFbgB5F\
8HYHB6BJcCcGjknA\
YA7Ei864SVKmB1xo\
D7nyBQ0I7Xpct7p%\
2Buy18uV6BoYvRJd\
g37ehK5jJ9yYSXV2\
8Xp0LWbjnxW3FTer\
%2BqCZQYATltuaB1\
sPpdT81kaPVoC%2B\
kJqPq2ZqSq7nd1XT\
Qhx6QMDjxb6AFDrJ\
6Lz%2BQdNrZOWDrI\
QbUKmKcLtivFIhm4\
xKopJKyRu4QfYztb\
R51zZatNKxjwZ0LJ\
HD4YdHVP81g1wTIc\
n23Ly1H3dhn1PP5k\
Mnr53wSGI3d8VjSd\
w7lFuK4bG9Mmro24\
u3d%2F8L%3C%2Fdi\
agram%3E%3C%2Fmx\
file%3E\xcd\x16\xd7\xcb\x00\x00\x0d\xfcI\
DATx^\xed]Ih\x15\xcd\x16\xae .\x92\
\xe7B0\x8b,\x5c(\x22N8>E%\x22\x8f,\
\x14\xf4)\x0e\xa8\x88\x03\xa88\xa0\x22*Q\x14\x87$\
*\x8a/\x8b,\x04%\x0a\x0aN\xa8hD\x9e.\x02\
*Op\x08\x8a\x0bw\x06\x17\x0e\x88(*\x88\x8b\xb8\
\x10\xc9\xa3.\x7f\x85\xfa;5\x9c\xee\xdb\xddU\xb7\xfa\
\xebeR]\xe7\x9c\xef\x9c\xaf\xce\xa9\xee\xeas\xabz\
{{{\x19\xf1\xaa\xaa\xaa\x22\x8e\xc40 \xe0'\x02\
1\xc2\xbdd@\x15\x08\xe2\xa7#\xa1U6\x08\x80 \
\xd9\xe0\x8aY\x03A\x00\x04\x09\xc4\x910#\x1b\x04@\
\x90lp\xc5\xac\x81 \x00\x82\x04\xe2H\x98\x91\x0d\x02\
 H6\xb8b\xd6@\x10pF\x90\xb8\x82\x03\xc1\x1b\
fx\x88\x80\xe9uD\xdc8M\xed1o\x5c\xc1\x1e\
\xe2\x0a\x95\x02A\x00\x04\x09\xc4\x910#\x1b\x04@\x90\
lp\xc5\xac\x81 \x00\x82\x04\xe2H\x98\x91\x0d\x02 \
H6\xb8b\xd6@\x10\x00A\x02q$\xcc\xc8\x06\x01\
\x10$\x1b\x5c1k \x08\x80 \x818\x12fd\x83\
\x00\x08\x92\x0d\xae\x985\x10\x04@\x90@\x1c\x093\xb2\
A\x00\x04\xc9\x06W\xcc\x1a\x08\x02 H \x8e\x84\x19\
\xd9 \x00\x82d\x83+f\x0d\x04\x01\x10D\xe3\xc8\xef\
\xdf\xbf\xb3U\xabV\xb1\xce\xce\xce\xd2\x88\xb9s\xe7\xb2\
+W\xae\xb0!C\x86X]\x7f\xf4\xe8Q\xf6\xe4\xc9\
\x13\xe3x\xfe\xffY\xb3f\xf5\xcdu\xe4\xc8\x11v\xe8\
\xd0!\xeb\xdc\xbf~\xfdb\xbbv\xed*\x8dkkk\
c\xd5\xd5\xd5\xfd\xee\x89\xea\xce\x07\x5c\xbe|\xb9d\x8f\
|q{V\xaf^M\xd6A\xe8L\xc5B\x8c\x7f\xfc\
\xf81\xab\xaf\xafW\xdaV\x0e\xceV\xb0R\x18\x00\x82\
(@T\x05\x18\x95$\xe2\xdea\xc3\x86i\x038J\
\x0e\xa1\x02\x85$\xdd\xdd\xddl\xc5\x8a\x15l\xe9\xd2\xa5\
JB\x89\xff\xbfz\xf5\xaa\x9fe2I\xa2\xe4\xb0\xe9\
 cB%\x08_(n\xdd\xba\xc5\xae_\xbf\xceF\
\x8d\x1aE\x222\x15\xe7\x14b\x9f4\x05\x08\xa2\x80I\
\x04\xcf\xe6\xcd\x9bKA\xde\xd3\xd3\xd3\x97MlAl\
\x0b`\x91\x01\xda\xdb\xdb\x99\x98K\x10f\xe2\xc4\x89\xda\
`\x12j\x8a\xb1\xaa\x8c\xc0\xc7\x08\xdd\xe5 \x8e\xfe\x8d\
\x8f\x13\xd9Q\xccc\xcb\x0e<\xd8\x0f\x1f>L\xce\xa6\
\xc2\xcew\xef\xdei3)E/R\x14g8\x08\x04\
\x89\x80\xab\x0a`9\xf0\x04iT\xa5\x0d\x1fg++\
\x04\x81\xf8X\xb1\xb2\xca2M\xe5\x88\xd0\xa3\xb5\xb5U\
I$\x9d\xee\x14\x02F\x17\x05\xd9\xbeh\xc6\xa3d\x10\
\x91qxi\xa5*\x1de]U\x99\xcd\xb6\x10e\xc8\
\x89\xbfM\x0d\x82\xc4$\x88-8le\x85\x8d \xba\
\xcc\xc0\xd5\xa4\xac\xca\xaa\xc0Qe\x151N.\x9dT\
\x19L\xc8\xec\xea\xeab[\xb7ne|\x81\xb0a \
/\x14:{l\x04\xb1-D H^\x08(\xe4\x88\
rB\x04BMMMic\xcc\xcb\x22S\x19D\xd9\
@\xabJ\x19\xdd\xca\x1fU\xcd\xb6*\xab \x93\xf7$\
\xaa`\x8d\xee\xb7\xa2c\x04\xb9\xf8\x8a\xde\xd0\xd0Pz\
\xb0@!\x08\xbfO\x97\xe9\xb8\x9e\xb2\x5c9k\x9a\xc8\
\xec\x22$\x90A\x14\xa8\x9b6\xba&\x82\xd8\xf6\x1f\xf2\
\xca*\x07\x19\x95 \xb6\xfdG\xd4\x14\xd9\x0e\xdb\x8a,\
\x8f\x15\x01+\xfeVWWW\xdaG\xbc~\xfd\x9aD\
\x10J\xa6\x03A,tO\x93\x99Y\xac,r\xc0p\
RP\xca\x0b\xdb\xfe\x83\xebYN\x89e[\x95e\x1c\
\xe4}\x03e\xc5\x8f\x92\xb4\xb1\xb1\xb1/k\x0a\xc2\xd8\
6\xf2\xd1\xb2M\xb7\xff\x90\xcbE\x9e\x95U{\x10\x1b\
\xa1\xb3\xf0\xb9j\xce4\xe34\xe8\xa6\x0d\xa6M\xac\x00\
\xd6\xb6\xff\xd0\x11D\xb7\x9a\xca\x0e\xa3\xac\xcab\xbcL\
\x0eU\xa0\xa96\xedQ\x82,_\xbe\xbc\xf48Y\xf5\
\xb8X\xc8\xd1\xed/(\x99N\xb7\x07\x11\xe5-6\xe9\
\x86\xee\xee\xae\xbb\x9a$y\xfcH\xd9\x7fDW\xce8\
\x8fy\xa9\xfb\x0fJY%\x132\xaa\x03\xd7\x91g\x8c\
\xda\xda\xda\xc4\x04\xa1f\xba$8\xe7\x959\x84\x1cd\
\x90\x18{\x10S\xa9B\x0d`y\x1f\x12\x15mZ5\
E\xe0\xef\xd9\xb3\xa7\xdf\x1bqy\x1e\xf9}Et~\
y\xff\xa4{Qh*m\xa8%\x16\xe5$At\xa3\
.\xebJ)\x09\xf3\x22\x0a\x08\xa2A:\xbaQ\xb7\xd5\
\xc4\x94\xb2B\xb7G\xe0\x7f\xb7\x95\x14\x22\xa0\xe3\x1c\xdb\
0\x11DET\x9b\x0e\x14\x82PN\x12\xc8z\xe1\xa8\
\x89&\x00\xd3df^\xab\x09\xe4\x14\x0f\x814\xe34\
\xe8Mz\xf1B\x03\x16s\x04@\x10\xc4\x01\x100 \
\x00\x82 <\x80\x00\x08\x82\x18\x00\x02\xc9\x10@\x06I\
\x86\x1b\xee*\x08\x02 HA\x1c\x0d3\x93!\x00\x82\
$\xc3\x0dw\x15\x04\x01\x10\xa4 \x8e\x86\x99\xc9\x10\x08\
\x9e q\xdf\x88\x0b\x18\xa9g\xab\xa2G6L\x1f<\
\xc9.\xa2\x1c\x1d\xc9\xaa\xf9\x02\xe5\xe0\xa5\xac+\xe5\xe8\
H\x14\x07\xd5q\x11\xdd\xb7\xf8\xd1S\x0a\x94\x86\x16y\
\xbd\x81\x0f\x9a \xba\xef:l\xc7FxpP\xbe\xed\
\xd0\x9dg\xa2\x90\xc4vt$\xab\xe6\x0b\x94\xc3\x8c2\
9(GGt\xe7\xbf\xa2$\xa1\x9c\xff\xa24\xb4(\
\xa7\xa9F\xdc<\x124A\xa2G\xa7m_\xd7\xc9\xe0\
\xd9\xceV\xc9N\x12\x84\x88\xf35\x9c\xedh|\x16\xcd\
\x17\xe4#\xe6\xdc\xd64\x16\x0a\x15\x0e\xaa\xbfqy\xc2\
\x1f\xba\xf3d\xd4\x86\x16y\x9e\x02\x0e\x96 6'\xd9\
\x0e\xe6\xd9\x8el\xab\x0e\xee\x09\x99\x9f?\x7f6v'\
\xb1\x95oY5_\x88\xae\xe0\x14\x82\xd8>\x02\xa3|\
[\xc2\x9b6\xc8\xdf\xb6\xeb\xda\x00\xd9>&\xe3\xc4\x9a\
2eJ\xdf\x87\x5cy4{(,AL\xc1A\xf9\
8\xc9D\x10\xdel\xcet\xea\x96R\xbe\xa9J\x81r\
\x9a/\x08\xf2\xf2yy\xe9\xb3{\xf7nR\x06\xb1e\
:\x95\x9e\xaa\xc5IW2\xcaAn#\x08\x1f\xbbd\
\xc9\x12#A(\xa4\x8fSf\x05K\x10y\x15V\xf5\
\xb7*\xf7\xdb\x0e\xd5FW\x97\xb5\xa2\x0e\xb1\xad\xca*\
\x07\xda\xcaC[\xf3\x05Q\xde\xf0 \xe3\x17\xef\xa8h\
\x0b&[\xa6\xd3\x05Z\xb4\xe9\x05\xefF\xa9\xdb[\xf0\
9L\xbd\xb9\xa2\xd9\x94\x7f\xfa,zz\xe5\xd1\xec!\
X\x82p\xe0MN1\x11\xc4\xb6\xff\xe0s\x97C\x90\
\xb8\xabr\x9c\x8d\xb5\xaa\xf9\x82\xb0G\x10\xa2\xa3\xa3\x83\
D\x90$\x99N\xde\xb0\xab\x02X.m\x05\x86\xe2C\
\xaeo\xdf\xbe\xf5k\x0a\x01\x82(\x96\xa14?\xb9\x8d\
6/\xa0\x94\x17\xb6\xfd\x87L>\x99hq\xbe-\xe7\
s\xe8z\xeb\xaa\x1e\x16\x88\xd2\x88\xebf\xea\x0f\xac\x0b\
(y_D}\xcc\x1b'\xd3E\x1f\x00P\x9e\xe4E\
\xc9,>\xf3\xe5\xb6\xaa\x9a\xea\xa1\xc4\xfa+2\xd2$\
H\x94\x7f\xb6\xa6\x00\x94\xfd\x87\x8e \xaa\x1a:*?\
\xce\xaa\x9cF\xf3\x05\xd1\xcb\xcaTw\xeb\xf6K\xd4L\
\x17%Gt>\xddC\x07\x0aA\xa2\x8b\x8en\x93n\
\xf3k\x9c}\x87<6\xe8\x12K\x80&J\x8b\x0f\x1f\
>\xf45\x22\xd0\x05\x05\xf5\xdb\xf2\xa4\x8fy\xa9\xab2\
\xa5\xac\xa24_\xe0\xce\x96\xbb\xc8\xab\x02E\x85E\x9c\
\xfd\x87\xae\xac\x92eE\xcb)\xde\xcc:\xfa\xd0An\
\xd0gjh\x81\xc7\xbc\xbd\xbdI\x09\xff\xb7\xfb\xa8o\
n\xe5\x9b(o\xb8\xc5\xf8$/\x0a)\xe5\x1b\x9f?\
\xcb\xe6\x0b\x94\x12\x8b\xbaP\x98^hr;D\xa0\xeb\
^\xee\xf112A\xf1\xa2\xf0\xaf\xe8J3u\x99\xd8\
D9\xb6\xa0Z\xe9lM\xa4u$I\xa3\xb7\xae)\
\x98\xb8\xdchw\xc7\xa46R:\x98\xd8\xf6\x12\xbaE\
B\xe0#o\xca\xa3\xa5X\x94\x1c\xe2\x1e\x8a=8j\
\x92J\x0e\xc1$@\xa0<\x04\xd2\x5c\xc8\xd1\xb4\xa1<\
_\xe0n\x0f\x11\x00A<t\x0aT\xf2\x07\x01\x10\xc4\
\x1f_@\x13\x0f\x11\x00A<t\x0aT\xf2\x07\x01\x10\
\xc4\x1f_@\x13\x0f\x11\x00A<t\x0aT\xf2\x07\x01\
\x10\xc4\x1f_@\x13\x0f\x11\x00A<t\x0aT\xf2\x07\
\x01\x10\xc4\x1f_@\x13\x0f\x11\x00A<t\x0aT\xf2\
\x07\x01\x10\xc4\x1f_@\x13\x0f\x11\x00A<t\x0aT\
\xf2\x07\x01\x10\xc4\x1f_@\x13\x0f\x11\x00A<t\x0a\
T\xf2\x07\x01\x10\xc4\x1f_@\x13\x0f\x11\xf0\x92 \x1e\
\xe2T\xf1*%\xfd\xce\x7f\xc7\x8e\x1d\xec\xd4\xa9S\x15\
o\x7f\x16\x06\xc4\xc54\xb5\xefA\xb20\xa6\xe8s\xc6\
u&\xc7\xeb\xee\xdd\xbbl\xc1\x82\x05E\x87Nk\x7f\
\x5cLA\x10\x8fC)\xae3\x7f\xff\xfe\xcdxc\x85\
\xb7o\xdfzl\x95[\xd5\xe2b\x0a\x82\xb8\xf5\x97Q\
z\x5cgn\xd9\xb2\x85\xb5\xb7\xb7{l\x91{\xd5\xe2\
b\x0a\x82\xb8\xf7Y*\xe5\xc0\xed\xdb\xb7K=pq\
\x99\x11\x00A\x02\x8a\x10\xaa3{zzJ\xa5\xd5\xc7\
\x8f\x1f\x03\xb2>\x1bS\xa8\x98\x0a\xe9\xc8 \xd9\xf8!\
\x95Y\xa9\xce\xdc\xb0a\x03;\x7f\xfe|*2C\x9f\
\x84\x8ai\x22\x82\x84\x0e\x9e\x0b\xfb\xca}f\x7f\xe3\xc6\
\x8dR\xe7I\xd3\xd5\xd5\xd5\xc5\xa6O\x9f\xee\xc2\xbc\x8a\
\x97\x19+\x83T\xbc\xb5\x1e\x1aP\x0eA~\xfc\xf8\xc1\
F\x8f\x1e\xcd\xbe|\xf9\xa2\xb5\xac\xb9\xb9\x99555\
yhye\xa8\x04\x828\xf6S9\x04Y\xbbv-\
\xbbt\xe9\x92\xd6\x82\x193f\xb0g\xcf\x9e9\xb6\xb0\
\xb2\xc5\x83 \x8e\xfd\x97\x94 \xbc\xbd\xe8\x9a5k\x8c\
\xda?\x7f\xfe\x9cM\x9b6\xcd\xb1\x85\x95-\x1e\x04q\
\xec\xbf$\x04\xf9\xfa\xf5+\x1b3f\x0c\xe3\xbdnu\
\x97\xed\xf7\x1c\x1d\x9b]1\xe2A\x10\xc7\xaeJB\x90\
\x95+W\xb2k\xd7\xaei5\x9f9s&{\xfa\xf4\
\xa9c\xcb\xc2\x10\x0f\x828\xf6c\x5c\x82\x5c\xb8p\x81\
\xad_\xbf\xde\xa8\xf5\x8b\x17/\xd8\xd4\xa9S\x1d[\x16\
\x86x\x10\xc4\xb1\x1f\xe3\x10\xe4\xd3\xa7O\xa5\xd2\xea\xe7\
\xcf\x9fZ\xad\xf9o\x94\x1c<x\xd0\xb1U\xe1\x88\x07\
A\x1c\xfb2\x0eA\x96-[\xc6n\xde\xbc\xa9\xd5\xb8\
\xbe\xbe\xbe\xf4\xc36\xb8\xd2C\x00\x04I\x0f\xcbD3\
Q\x09r\xee\xdc9\xb6i\xd3&\xa3\x8c\x97/_2\
\xfe{\x80\xb8\xd2C\x00\x04I\x0f\xcbD3Q\x08\xf2\
\xfe\xfd\xfbRi\xc5\x7f\xedIw\x1d;v\x8c\x1d8\
p \x91\x0e\xb8I\x8f\x00\x08\xe28:(\x04Y\xb4\
h\x11\xbbs\xe7\x8eV\xd3\xd9\xb3g\xb3G\x8f\x1e9\
\xb6$L\xf1 \x88c\xbf\xda\x08r\xfa\xf4i\xb6m\
\xdb6\xad\x96\xfc~^ZM\x9e<\xd9\xb1%a\x8a\
\x07A\x1c\xfb\xd5D\x907o\xde\xb0\xb1c\xc72\xfe\
\xa5\xa0\xee:~\xfc8\xdb\xbf\x7f\xbfc+\xc2\x15\x0f\
\x828\xf6\xad\x89 \xf3\xe7\xcfg\xf7\xee\xdd\xd3j\xd8\
\xd0\xd0\xc0\x1e<x\xe0\xd8\x82\xb0\xc5\x83 \x8e\xfdk\
\x22\x88I\xb5\x81\x03\x072~\xd6j\xd2\xa4I\x8e-\
\x08[<\x08\xe2\xd8\xbfI\x09r\xe2\xc4\x09\xb6o\xdf\
>\xc7\xda\x87/\x1e\x04q\xec\xe3$\x04\x993g\x0e\
\xeb\xec\xect\xacy1\xc4\x83 \x8e\xfd\x1c\x97 \xd5\
\xd5\xd5\x8c\x7f!8a\xc2\x04\xc7\x9a\x17C<\x08\xe2\
\xd8\xcfq\x09r\xf2\xe4I\xb6w\xef^\xc7Z\x17G\
<\x08\xe2\xd8\xd7q\x082o\xde<\xe3S-\xc7\xa6\
\x04)\x1e\x04q\xecV*A\x06\x0d\x1aT\xfa\xc6c\
\xfc\xf8\xf1\x8e5.\x96x\x10\xc4\xb1\xbf\xa9\x04im\
me\x8d\x8d\x8d\x8e\xb5-\x9ex\x10\xc4\xb1\xcf)\x04\
Y\xb8p\xa1\xf1,\x96c\x13\x82\x16\x0f\x828v\xaf\
\x8d \x83\x07\x0f.}\xe31n\xdc8\xc7\x9a\x16S\
<\x08\xe2\xd8\xef6\x82\xb4\xb5\xb5\xb1\x9d;w:\xd6\
\xb2\xb8\xe2\xfd&\xc8\xef\x1e\xc6\x9e\xfc\xc7\xee\x9d\xfa\xbd\
\x8c\x0d\xac\xb1\x8f\xf3p\x84\x89 \x8b\x17/f\x1d\x1d\
\x1d\x1ejmQ) \xbf\xf9M\x10\xee\x87\x96*{\
\x804\xf5\xda\xc7x:BG\x90\xda\xda\xda\xd27\x1e\
\xfc4oE^\x81\xf8\x0d\x04q\x1c}:\x82\xf0\x9f\
P\xdb\xbe}\xbbc\xed\xca\x10\x0f\x82\x94\x01^\x9c[\
\x03\x01Zg\xb2\x8a \xbc9\x03oJ]\xd1W \
~C\x06q\x1c\x85Q\x82\xd4\xd5\xd5\xb1\x87\x0f\x1f\x96\
\xbeA\xaf\xe8\x0b\x04\xc9\xc9}\x81\x00M\xcd g\xce\
\x9ca\xfc\xa7\xd4*\xfe\x0a\xc4o\xc8 \x8e#Q\xce\
 \xbc\xa5\xe8\xd5\xabW\x1dk\x94\x92x\x10$% \
m\xd3\x04\x02\xb4-\x83\x0c\x1d:\x94\xdd\xbf\x7f\xbf\xf4\
SjA\x5c\x81\xf8\x0d\x19\xc4q4\x8a\x0cr\xf6\xec\
Y\xb6q\xe3F\xc7\xda\xa4(\x1e\x04I\x11L\xd3T\
\x81\x00m\xca \xfcw>.^\xbc\x98\x13\xa09\x89\
\x09\xc4o\xc8 9\xc5\x8bN\xcc\xf0\xe1\xc3K\xa5\xd5\
\x88\x11#\x1ck\x92\xb2x\x10$e@u\xd3\x05\x02\
\xb4\xce<\xfes\x06\xeb\xd6\xad\xcb\x09\xcc\x1c\xc5\x04\xe2\
7d\x90\x1cc\xa6P\xa2@\x90\x9c\xdc\x1d\x08\xd09\
\xa1\xe5\x8f\x98@\xfc\x86\x0c\xe2OH\x85\xa5\x09\x08\x92\
\x93?\x03\x01:'\xb4\xbc\x10\xd3\xc3zXM\xcb?\
\xec\xbaxt\x0a\xfb\xcf\x9f?l\xc0\x80\x01\xfdt\xee\
\x97A\xba\xbb\xbb\x19o\x9a\xec\xcb\xf5\xef\x97\x0b\xac\xaa\
475\xb1\x16\xd6b\x1d\x87\x01\xf9 \xd0\xc4\x9aX\
s\x8b\xdd\x1fw\xff\xf9\xdf|\x14\x22H\x199r\xa4\
\xf2%-\x08B\x00\x0fC\xe2!\x00\x82\xc4\xc3\xab\xac\
\xd1\xc8 e\xc1\xe7\xe4f\x10$G\xd8A\x90\x1c\xc1\
NI\x14\x08\x92\x12\x90\x94i@\x10\x0aJ~\x8d\x01\
Ar\xf4\x07\x08\x92#\xd8)\x89\x02AR\x02\x922\
\x0d\x08BA\xc9\xaf1 H\x8e\xfe\x00Ar\x04;\
%Q HJ@R\xa6\x01A((\xf95&h\
\x82\xf8\x05u\xf8}\xb1\xbc\xc3;\x05\x85\x82~\x93\x9e\
\x02>\xe9N\x81\xa3&\xe9\xe2\x99\xd7l\x81\xf8\x0d\x87\
\x15\xf3\x0a\x98\xa2\xc9\x01Ar\xf2x @\xe7\x84\x96\
?b\x02\xf1\x1b2\x88?!\x15\x96& HN\xfe\
\x0c\x04\xe8\x9c\xd0\xf2GL ~C\x06\xf1'\xa4\xc2\
\xd2\x04\x04\xc9\xc9\x9f\x81\x00\x9d\x13Z\xfe\x88\x09\xc4o\
\xc8 \xfe\x84TX\x9a\x80 9\xf93\x10\xa0sB\
\xcb\x1f1\x81\xf8\x0d\x19\xc4\x9f\x90\x0aK\x13\x10$'\
\x7f\x06\x02tNh\xf9#&\x10\xbf!\x83\xf8\x13R\
ai\x02\x82\xe4\xe4\xcf@\x80\xce\x09-\x7f\xc4\x04\xe2\
7d\x10\x7fB*,M@\x90\x9c\xfc\xf9\xbff\xbb\
\xa0\x7f\x11\xc6\xd8g\xc1\x884\x11\x08\xc4o\xfeg\x90\
4\x9d\x86\xb9\x80@L\x04@\x90\x98\x80ax\xb1\x10\
\x00A\x8a\xe5oX\x1b\x13\x01\x10$&`\x18^,\
\x04@\x90b\xf9\x1b\xd6\xc6D\xe0\xffA*\xcc\x14g\
\x8a\xb3\xc7\x00\x00\x00\x00IEND\xaeB`\x82\
\x00\x00'e\
\x89\
PNG\x0d\x0a\x1a\x0a\x00\x00\x00\x0dIHDR\x00\
\x00\x00\xb1\x00\x00\x00\xb1\x08\x06\x00\x00\x00\x8b)\x5c\xc5\
\x00\x00\x00\x01sRGB\x00\xae\xce\x1c\xe9\x00\x00\x04\
DtEXtmxfile\x00%3Cm\
xfile%20host%3D%\
22app.diagrams.n\
et%22%20modified\
%3D%222022-10-05\
T07%3A12%3A07.08\
1Z%22%20agent%3D\
%225.0%20(Window\
s%20NT%2010.0%3B\
%20Win64%3B%20x6\
4)%20AppleWebKit\
%2F537.36%20(KHT\
ML%2C%20like%20G\
ecko)%20Chrome%2\
F105.0.0.0%20Saf\
ari%2F537.36%20E\
dg%2F105.0.1343.\
53%22%20etag%3D%\
220g27KgoTkf_Tv-\
Svm1yI%22%20vers\
ion%3D%2220.4.0%\
22%20type%3D%22d\
evice%22%3E%3Cdi\
agram%20id%3D%22\
uzbTDIeKd6uhhh1k\
yxa7%22%20name%3\
D%22Page-1%22%3E\
jZRRb9sgEMc%2FjR\
8dYewq2WPiNt2mTd\
qUSXumBhtWzFn40j\
j59AMbYltdpfHC3e\
8ODh9%2FnORlOzxb\
1snvwIVOKOFDkj8m\
lGYFzdzkyXUi20%2\
FFBBqreEiawUndRI\
Ak0LPiol8lIoBG1a\
1hBcaICleMWQuXdV\
oNel21Y414B04V0%\
2B%2Fpb8VRTnT3QG\
b%2BWahGxsoZCZGW\
xeQAesk4XBYof0ry\
0gLgZLVDKbRvXuzL\
tO74QfR%2BMCsM%2\
Fs%2BCQ3uVw09Snf\
58LX8972%2BPt%2F\
ZLWoRt3pg%2Bhy8O\
p8VrbIE7eOdN1Y69\
OkhstXMzZ74Ji8o1\
a69VYxxD6Bb0G3sR\
%2Bgf0ChX46AsgQu\
sStA8cWPXaWDgbXo\
IGO9bK63G4lLHYvu\
%2BmOyWOsOjUahA8\
pjhfInox7P2n02PF\
TbFRTg61MlzYTeUq\
0iNnyNzkee9nMNF8\
yGgIpAr6bYqW9TKF\
M2plRJrR3aYzjavW\
o4VXsTgqITtyJPdI\
VMfWkRoMBinnNPir\
lX54rrT%2B147hTl\
wbxfDhbWd3DbnHJ6\
AVaK8uJSzI4wMK74\
4Wwb%2FMKs62gcml\
giNk4eU0971ncTkj\
6Cu6s47H2OJvkD%2\
F9BQ%3D%3D%3C%2F\
diagram%3E%3C%2F\
mxfile%3E\xf0\x10GM\x00\x00 \
\x00IDATx^\xed\xdd\x07\xb4-E\xd1\x05\xe0\
\xc6\x84Y\x11\x10\x05\x15\x15\x8c\xa0\xa0\x22\x82\xa2\x08&\
\xccb\xc4L0bBDQ\xcc9\x07\x82\x829\xa1\
\xa8\xa0b\xceY\xa2\x11\x14\xb3\x82`\x02\x150\x80\x01\
\x94\x7f}\xf3\xbf\xba\x0cO\xbc\xd3s\xcf\xdc;g\xda\
\xae\xb5\xdeZ\xf0\xde\x9c9g\xbawwW\xed\xdaU\
\xb3\xc6y\xe7\x9dw^\xaaVG`\xc2#\xb0F\x05\
\xf1\x84g\xaf\xfe\xf4f\x04*\x88+\x10&?\x02\x15\
\xc4\x93\x9f\xc2\xfa\x00\x15\xc4\x15\x03\x93\x1f\x81\x0a\xe2\xc9\
Oa}\x80\x0a\xe2\x8a\x81\xc9\x8f@\x05\xf1\xe4\xa7\xb0\
>@\x05q\xc5\xc0\xe4G\xa0\x82x\xf2SX\x1f\xa0\
\x82\xb8b`\xf2#PA<\xf9)\xac\x0fPA\x5c\
10\xf9\x11\xa8 \x9e\xfc\x14\xd6\x07\xa8 \xae\x18\x98\
\xfc\x08T\x10O~\x0a\xeb\x03T\x10W\x0cL~\x04\
*\x88'?\x85\xf5\x01*\x88+\x06&?\x02\x15\xc4\
\x93\x9f\xc2\xfa\x00\x15\xc4\x15\x03\x93\x1f\x81\x0a\xe2\xc9O\
a}\x80\x0a\xe2\x8a\x81\xc9\x8f@\x05\xf1\xe4\xa7\xb0>\
@\x05\xf1\x7f\xc1\x80v\x1c\x7f\xfb\xdb\xdf\xd2\xb7\xbe\xf5\
\xadt\xfc\xf1\xc7\xa7_\xfc\xe2\x17\xe9\xf7\xbf\xff}:\
\xfb\xec\xb3\xd3\xbf\xfe\xf5\xafeA\xceE/z\xd1t\
\x99\xcb\x5c&\xad\xbb\xee\xba\xe9\xda\xd7\xbev\xba\xf1\x8d\
o\x9cnv\xb3\x9b\xa5K^\xf2\x92i\x8d5\xd6X\
\x96\xef,\xe1\xa6\x15\xc4\x172\x8b\x7f\xf9\xcb_\xd2\xcf\
\x7f\xfe\xf3\xf4\xf5\xaf\x7f=}\xf3\x9b\xdfL?\xfe\xf1\
\x8f\xd3\xaf~\xf5\xabt\xc6\x19g4\xc0\xfe\xf7\xbf\xff\
\xbd,s\x0f\xc4\x97\xba\xd4\xa5\xd2Zk\xad\x95\xaev\
\xb5\xab\xa5\xeb]\xefzi\x8b-\xb6H\xdbl\xb3M\
\xdah\xa3\x8d\xd2e/{\xd9e\xf9\xde\xa9\xdf\xb4\x82\
x\xb5\x19\xfc\xfb\xdf\xff\x9e\x8e;\xee\xb8\xf4\x91\x8f|\
$\xbd\xfd\xedoO\x7f\xfc\xe3\x1f\xd39\xe7\x9c3\xca\
<_\xfc\xe2\x17O\xeb\xac\xb3N\xdau\xd7]\xd3=\
\xefy\xcffg^s\xcd5G\xf9-\xf3\xfc\xa5\x15\
\xc4\xad\xd9\xe1&\xfc\xecg?K\xafy\xcdk\xd2\x07\
>\xf0\x81\xf4\xe7?\xff9q+\xc6\xea\xf4\xc5\x85\xf0\
\xe7\xf2\x97\xbf|z\xc0\x03\x1e\x90\x9e\xf2\x94\xa74n\
\x86\x1d\xbb\xda\xf9#PA\xbcj,\x00\xf5O\x7f\xfa\
Sz\xd1\x8b^\x94>\xf6\xb1\x8f5\xeeD\xf8\xbe\x17\
\xb9\xc8E\x1a_\xf5*W\xb9J\xba\xd2\x95\xae\x94\xec\
\x90\xcbav|;\xff\xa9\xa7\x9e\x9a\xfe\xfa\xd7\xbf.\
,\x1e\xa0\xbd\xceu\xae\x93\xee~\xf7\xbb\xa7g>\xf3\
\x99\x0d\xa8\xab\x8f\x5cA\xfc\x1f\x18<\xf3\xcc3\xd3w\
\xbf\xfb\xdd\xf4\xd4\xa7>5}\xff\xfb\xdfO\xdc\x8a\x00\
\xef\xe6\x9bo\x9enr\x93\x9b4~)\x00\x01\xd5\xd0\
 \xb2\x88,\x1a\x0b\xc9\x02\xfa\xf6\xb7\xbf\xdd\xb85\x02\
I>8_\xf9F7\xbaQz\xc5+^\x91\xfc\x9e\
+\x5c\xe1\x0a\xcb\xb1\x8e&y\xcf\xba\x13\xaf\x9a\xb6\x9f\
\xfc\xe4'\xe9]\xefzWz\xdb\xdb\xde\x96~\xfb\xdb\
\xdf6 \xbd\xc4%.\x91nz\xd3\x9b\xa6\x9dw\xde\
9\xdd\xf5\xaewM\x1bl\xb0\xc1\x8aL\xf2)\xa7\x9c\
\x92>\xfe\xf1\x8f\xa7w\xbc\xe3\x1d\xcd\xc2\xb2C\x03\xf9\
U\xafz\xd5\xf4\x88G<\x22=\xf4\xa1\x0fmv\xe6\
j\xff?\x02\x15\xc4\xab\x90p\xe4\x91G6G5J\
\x0d;\x01\xc4X\x82\xd7\xbd\xeeu\xe9v\xb7\xbb]\x03\
\xa0\xa1w\xdf\xff\x06B\x80\xc5\x86|\xees\x9fK{\
\xed\xb5WrJ\xf8\xbb\xcb]\xeer\xe9\xe67\xbfy\
\xe3\xf2l\xbd\xf5\xd6\x15\xc3\xabF\xa0\x82x\xd5@\x00\
\xcc\xa3\x1e\xf5\xa8f\x17\xfe\xc7?\xfe\xd1\xd0Y\xd7\xbf\
\xfe\xf5\xd3\x1b\xdf\xf8\xc6\xb4\xe9\xa6\x9b6\xbb\xf2J\x9a\
\xdf\xc0\xad\xd9}\xf7\xdd\xd3\x0f\x7f\xf8\xc3faa&\
\xd6_\x7f\xfd\xf4\xa67\xbd)\xdd\xfe\xf6\xb7_\xc9\x9f\
3\xd7\xdfUA\xbcjz>\xf1\x89O\xa4\x9dv\xda\
\xa9\xe1\x81\xf9\xa6W\xbe\xf2\x95\xd3\xadnu\xab\x86\xa9\
\xb8\xe65\xaf9\xca$\x9et\xd2Ii\xcf=\xf7L\
G\x1cqD:\xed\xb4\xd3\x1a_\x9co\xfc\xbe\xf7\xbd\
\xafqo\xaaUw\xe2\x02\x18\xc0\x0b\xef\xb8\xe3\x8e\xcd\
\xdf9\xba\xaf~\xf5\xab\xa7\x1dv\xd8!=\xe79\xcf\
i\x12\x0fc\x18\xdf\xd8\xf7;%~\xfd\xeb_/\xb8\
3\x1f\xfe\xf0\x87\x1b\xde\xb8Z\x05\xf1\xa2 \xbe\xc65\
\xae\x91\xee|\xe7;\xa7g=\xebY\xa3\x82\xf8\xb9\xcf\
}n\xfa\xecg?[A\xbc\xc8\x8a\xad\xee\xc4\xaa\xc1\
\xb1\x13\xdf\xeb^\xf7Z\x18\xaay\x04q\xfc\xb8\xc3\x0f\
?\xbc\xee\xc4-PW\x10W\x10O\xde+\xa9 \xae\
 \xae \x9e\xfc\x08T\x10O~\x0a\xe7~'~\xcf\
{\xde\x93N<\xf1\xc4e\x1fh\x5c\xec{\xdf\xfb\xde\
\x85\xef\x91\xd6\xbd\xeeu\xaf\x9b\xb6\xddv\xdb\xd1R\xbc\
R\xd0_\xfc\xe2\x17\x1bQ\x121R\xd8\x83\x1e\xf4\xa0\
t\x83\x1b\xdc`\xd9\xc7\xe4Z\xd7\xbaVz\xf0\x83\x1f\
\xbc\xec\xdf3\xeb\x17\xcc=\x88\x1f\xf9\xc8G\xa6\xa3\x8f\
>z\xd6\xe7\xec\xfc<\x90\x9c|\xf2\xc9\x0b\xd7\x11\xf9\
\xc8\x90\x11\xa8/\x97\xe0\xa7\xebGI7\xe3\x87\x89\x81\
\xdarPA'\x0d\xc7r\xdbV[m\x95\xde\xfc\xe6\
7/\xf7\xd7\xcc|\xff\xb9\x07\xf1\x1d\xeep\x87\xf4\xf9\
\xcf\x7f~\xe6\x07\xad7\xe8?\x02\xb2\x828\xeay\xb7\
\x0a\xe2y\x9f\xa1\x11\x7f_\x05\xf1@\x83_w\xe2\x81\
\x06r\x09\xb7\xa9 ^\xc2\xa0]\xd8G\xde\xfd\xeew\
7E\x9a\xab\x1b_Q\xd0\xc3\x8f\xa5\xb9\xa5\xfd\xe5\xbb\
\x92)\x8e\x95&\x1e\xe8\x91\x97\xed6\xbf\xfb\xdd\xef\xd2\
G?\xfa\xd1FxO`d\xbc\xf8\xd6\xd2\xed\x176\
f\xaaH\x8c\xe7\xbc\xdb\xdc\xbb\x13\xffm\x00\x7f\xf0\x83\
\x1f\xa4\xe7=\xefy\xe9\xcb_\xferS\x85\x0c\xc4\xc4\
1\x9f\xf9\xccg\xd2-oy\xcb\x15\x93M\xce\xfb\x04\
\xb7\x7f\xdfw\xbe\xf3\x9dF\x1bMt\x7f\xd6Yg5\
\xd5*\xc4Mj\x09I<\xa7j\x93\x051\x11\xfb\xab\
^\xf5\xaaF<N>\xc9\xec,\x9f\xfc\xe4'\x1bZ\
l,Fa\x9e\x81\xa0r\xfb\xbe\xf7\xbdo\xb2#\xdb\
\x89\xd1\x88\x9bl\xb2I:\xe0\x80\x03\x9a\xca\x95\xa9\xda\
dAl7\xa1\xf5%K\xa4\xf6\x0a\x10+\xf0$b\
G\x8fU\xbb\xe0\x08\xa0*\x89\x9aPv\xe7\x9e{n\
S/x\x8b[\xdc\x22\xbd\xece/k*\xa9\xa7j\
\x93\x05\xf1/\x7f\xf9\xcbt\xf0\xc1\x07\xa7\xb7\xbe\xf5\xad\
\x0b\xc9\x10\xbb\xaf\xf2\x22\x12J\xa5\xee\xd5\xce\x1f\x01\x1a\
i}4\x8c\x8d]\x98\xdc\x94f\xda\x82\xa7\xd4\xbb\xe1\
\x0do8\xd9\xe1\x9a,\x88\xe9k\xe9j\xf7\xddw\xdf\
&\xa3\xc5.v\xb1\x8b\xa5\xfd\xf7\xdf?\xdd\xednw\
\xab\xc1\xddj\x90$\xf6\xff\xd2\x97\xbe\xd4(\xf5\x22q\
\xa2J\xe4\x1e\xf7\xb8Gz\xf2\x93\x9f\xdcd'\xa7j\
\x93\x05\xb1\xb2vD\xfc\x8b_\xfc\xe2\xf4\xa3\x1f\xfdh\
\x01\xc4/}\xe9K\x9bh[er\xb5\xf3G@\x9d\
\x9e\xf1\x92F\x0e\x10\xcb\xfc=\xf0\x81\x0fl\xca\xb20\
\x11S\xb5\xc9\x82\x18M\xa4\xb8s\x9f}\xf6ij\xd1\
b'V\xecy\xbf\xfb\xdd\xaf\x09X\xaa\x9d?\x02\x82\
9A\xefc\x1e\xf3\x98\x05\x10\xd3FH\xeb\x036@\
O\xd5&\x0bb\xe2\x18\x8d\xfe\x9e\xf8\xc4'6e\xed\
L\x0d\xda\x93\x9e\xf4\xa4fR\x94\xdaW;\x7f\x04\xc4\
\x10\x84\xff\xba\x08\x09\xea\x98\xb2\xff=\xf6\xd8\xa3q1\
\xb8\x16S\xb5\xc9\x82\x18\xcf\x89\xa1\xd8m\xb7\xdd\x9a\xa6\
\x7f\x01b}\x19\x1e\xf6\xb0\x875\x5cq\xb5\xf3G@\
S\xc4\x0f~\xf0\x83I\xb9S\x80\x98\x12NP'3\
'\xc8\x9b\xaaM\x16\xc4\x22lG\xa4\x1ee\xc7\x1cs\
\xcc\x02\x88U,\x03\xf6v\xdbm\xd7kNt\xd9Y\
\xbdq\xa0\x9d]\xb0\xd8\xd70\x01\xfeD\x0f7\xfd*\
\xdck)=\xd4\x00n\xf5V\xb2X\x18\xc9\x9d>\xe6\
\xd4z\xff\xfb\xdf\xdft\x10\x0a\x10kE\x80^\xd3\xc3\
\x02\xdd6U\x9b,\x88M,\xbeS\xe9\xba\x92\xf6\xd8\
\x891\x13\x8f~\xf4\xa3\x1b>\xb4\x8f\xa1\x9f\x9e\xf1\x8c\
g,\x80o\xbd\xf5\xd6kvs\x19\xae\xbe\xbb\x14\xea\
O\x12\xc6\x11\xce6\xdcp\xc3\x861y\xc8C\x1e\xd2\
\xe7'52LR\xc8c\x8f=\xb6\xf9o\x8b\xc1\xa2\
z\xc9K^\xd2\xb4{\xedc\xdf\xf8\xc67\x1aJ\xf2\
\xf5\xaf\x7f\xfd\xc2\xa2\xd0\x0e\x0b\x9b\x83#^\x09ig\
\x9f\xdf\xdb\xe7\xda\xc9\x82\xd8.gG\xc1{~\xe5+\
_i&\xc6\xeed\x07~\xfc\xe3\x1f\x7f\x81\xa2\xcf\x9c\
\x01\x01:\xbb\xb8\x1el\xeeEKp\xc7;\xde\xb1I\
m+\xdf\xefcv;\xa9\xdc`M4a\xd9e\x97\
]\xd2\xd3\x9e\xf6\xb4>\xb7it!\x02U\x1a\x91\xdf\
\xfc\xe673\xf5\x9d\xf8\xda\xd7\xbe\xd6\xb4\xc5z\xe7;\
\xdf\xb9\x00b\xbd\x8f\xfdN\xcc\xc4\xa5/}\xe9^\xbf\
m\x9e.\x9e,\x88\x0d\x22 \xeb\x14i\x92\xf1\xa0@\
lb\xf0\x9e\x00\xd9\xc7>\xf5\xa9O5b\x17\x01\xa3\
\xc5\xa1m\x95\x05\x81\xb2\xeb\x1b\xb9\x0f\x05b;\xb96\
V\x00\x88R\xb4\x0b_\xf1\x8aWlz\xc6\xf5=i\
h\xb2\xed\xea\xfc\xe2pO\x88\xdee8\x9d:+\xdd\
\xe1\xa8\xcf\xdct];y\x10\xe39\xf5e\xd0\xc5\x1d\
\x88\xedzv\xbc\x87?\xfc\xe1]\xcf~\x81\x7fw\x0f\
\xcd\xac\x89\x89\xfe\xf9\xcf\x7f6\x13\xeb\xc8\xa6\xcf\xe8\xdb\
\x01h(\x10+\xcb\xc2\xbeH\x17\xff\xe1\x0f\x7fh\x80\
\xc6\xb5\x91\xa5tJ\xf41\x1d\x8e\x0e<\xf0\xc0d\xb1\
\xf2\xff\xb9&:\x1c\xf9{B\xa0\xa5\xf8\xeb}\xbe\x7f\
9\xaf\x9d<\x88\xf1\x9c&B\x90gb\x1c\xfd\xb8c\
~q\x1f\xb3S\xe1P5\xf2\x134J[\xd3\x15\xf0\
\x19\xf1\xa9}l(\x10\x93\xa0z\x0eM\x0e-R\xef\
\xee\xe0\xe6\x1ct\xd0AM\xba\xb8\x8f\xd9\x81\xf7\xdbo\
\xbf&\xf5\x0c\xc4@K(E\xf5\xb7\x94\xe0\xb5\xcfw\
/\xf7\xb5\x93\x071\xd7\x01\xff\xa9oYt\xb2D#\
\xd9\xc1\xfa\x98\x94\xec\x13\x9e\xf0\x84F\xbb\xcc5\xd1\x11\
\x13\xd7Ld\xd47\xfb7\x14\x88\xa5\xd3\xf9\xd2\xdf\xfb\
\xde\xf7\x1a7\x87\xd4\xd4o\x01\xc6\xbe\xec\x8b\x22\xd8W\
\xbf\xfa\xd5\x0d\xa7\x1e\xfd\x8e-\x04\xfa\xe2\x95\xea\xf6\xd9\
g>\xfa\x5c;y\x10\xe39\xed2xP\x93\xa1s\
\xe4\xf3\x9f\xff\xfc\xa6Yv\x9f\xc9\xf9\xeaW\xbf\xda4\
\xefS\xf5Ld/Z\xd7\xd4Z0\xb4\xf1\xc6\x1b\xf7\
\x19\xd3\x86\xc6\x1a\x22\xb0\xfb\xe9O\x7f\x9aT6\x0b\x10\
11\x8e}\xdc.0\xde\xe66\xb7\xe9\xf5\x9b\x08\xa3\
^\xfe\xf2\x977:\x13 \xb6H\xeft\xa7;5\x15\
\xde}\xc6\xa9\xd7\x97\xae\xd0\xc5\x93\x071\x9e\x13\xff\xa9\
\xabz\x18\x10?\xfd\xe9O\xef\x15\xac8f}\xc6}\
\x020\xde^t\xc8!\x87\xf4\x16\xc7\x0c\x05b\x0bS\
\x0a\x1d\xf0\x9c\x0e\xda\xcd\xa2\xc5<3\x7f\xb6\x8f\xf1\x87\
\xe9L\xb0\x1c\xd1\xb0\x1b=\xa9Ml\x05q\x9f\x91\x1c\
\xf8Z\x93A\xd0\xad7E$<|\x05\x9fXTo\
\xb7\xc9\xb5\xa3\x8e:*=\xfb\xd9\xcfN\xf8T\xe5\xfb\
\xfcOG\xb7]\x1e\x98\xfb\xd8P \xb6\x03c_P\
m\x82M\xa7\xc3\x96[n\x99^\xf0\x82\x17\xf4n\xb2\
\xadY8\xba0^\xa6#X\xd5Y\xf3\xb5\xaf}m\
\x05q\x9f\xc9]\x8ek\x1d\xdb\x8e|\xee@\x18?\x99\
k\xd0\xa7\xd6NB\xc1\x0e.q\xc2\xff\xc4\x04\x08\x12\
\xbd\x84\xa6o\xa3\x92\xa1@\xac\x04\x0b\x0f\xaer\x05\xed\
\xa7\x12\x03c\xa2\xdd+0\xe7\x1a\xf7\xe1\x95\xaf|e\
\xf3\xb9xu\x82\x85\xa9\xca\xe3\x85/|a\x05q\xee\
@.\xd7u\x87\x1ezhz\xcb[\xde\xd2\xd0la\
\x8f}\xecc\x9b\xc0\x0e\xdd\x96k\xf4\x17\x8ei\x9c3\
&@\xf4\xeemI\xa2\xf7\xbe\x8a\xb8\xa1@L\x9d\xa7\
\xda[\xb6.\xfcX\xc1\x18\xb7\xc7\x9bFsM\x02\x87\
?l\x912'\xd8f\x9bm\xd6p\xe9{\xef\xbdw\
\x05q\xee@.\xd7uxO\xfe\x9e\x1d3LD\xff\
\xb8\xc7=\xae\xd7D+\xa2\x140\xb9\xdf\xe9\xa7\x9f\xde\
L,\x9a\xed\x0b_\xf8B\xf3\xba\x83>~\xe3\x10 \
\x96\x90\xe0\x9f\x0b\xbep\xc4l\xed\xb5\xd7n\x92\x1cN\
\x99>5qd\xab\xf8n\x8b4\xccN.\x0d\x8e\x91\
\x99\xbaM:\xb03\xf8\xb2Y\xb8\x5c;r\x98\x04\x08\
\xce\xb7O\x04O \x83\xbaB\xd7\x01\x0d\xd0\x02\x0dP\
\x0b\xa6\xfap\xa9C\x80\x98\x0f\xec5`4\x17@\xc8\
,*\xb2I\xc0\xebS\x13\xc7\xa7\xe6\xfb\xf2\x8b\xc3\x8c\
\x8d\x84\x90\x04\xcf\xd4m\xf2 \xb6\x83\x9a \xfd)\xc2\
L\xb4$\xc8]\xeer\x97\xec\xf9qtK\x22X\x0c\
\x8e\xef\xd8\xf9\x80Z*\xbb\xcf\xebh\x87\x001\x9a\x8f\
\x9f\xceo\x0d\x10\xcb\xd6\xdd\xff\xfe\xf7o\x16h\x1f\x17\
\x87om\x81\xe2\xbc\xc3\xb8)d\xab\xee7u\x9b<\
\x88q\xa9\x82\x96v\xe3;\xc1\x90\x1d\x06=\x95k\xf8\
a\xe9\x5cJ/:\x05F\x9e\x08\xd42w8\xda\x5c\
\x1b\x02\xc4\xde\x96\xa4r\x05O\xcc\xbdaR\xe1\xf4\x1d\
\xa4\xa6}\xfc}\x8c\x0b\xf5\x1a\xf1O\x18\xd6\xc3b\xe8\
\xb3\xd0s\x9f\x7f\xa5\xaf\x9b<\x88\xf1\x9eD:\xa8\xb6\
\xb0\xdb\xde\xf6\xb6\x8d0\x9eo\x9ck\xab\xbf\x8c1@\
\x0c\xd48\xd9>R\xc5!@,\xb8\xe4*\x91\x82\xfa\
oF\x94\x04\xc0\x80\xdc\xa7\xb0S\x83\x19\xa7\x0c>=\
\xcc\x02\x177H=O\xdd&\x0fb\xbc'\x9aH\xe0\
\x12f\xe7\x14\xb4\x90d\xe6\x9a\x84\x82\xc4\x86\xc9\xb60\
\x18\x9e\xd9\xeel\xa2\xfb\x88\xc6\x87\x001\xbf\x5c*\x9c\
v\x22@\xac\x84\x08\xf3\xc2\xe7\xef\x93\x0a'3\xc5\xe0\
p\x8d\xc2\x8c\x8f\xd2\xa4>,G\xeeX\xae\xf4u\x93\
\x071\xfe\x14ud7\x0e\x89!\xfa\xc8D\xa3\x8fr\
\x8db\xec\xb0\xc3\x0ek|G\x22 F\xf6\x08\xd4t\
\x0a}\x84\xf1C\x80\x98\xa0\x89(I\x10\xa7R\x99\xe1\
\xbd\xd5\x10\xde\xe7>\xf7\xe9%J\xb2\x03\xe3\xd3\xd1\x85\
a\xfca\x09\xa1\xbe\x89\x9c\xdc\xf1\x5c\xc9\xeb&\x0fb\
\x83%\x9d\xaa\xdaA0\xc4L\x8c\x80Ef+\xd7D\
\xf0v*\xfeut\x14\x02b\x11=\xd9\xa3\xa3<\xd7\
\x86\x00\xb1\x85\x04t\x0a;%_\x18]3M\x88^\
\x11}4\xce\x00\xcc\x1fV<\x10\xc6\x95P\xc9\xb2R\
\xef\xab\xce\x1d\xbb\xa5\x5cW\x04\x88\xb9\x12\xc8\xfc\xe0S\
\x95\x03\xdd\xfb\xde\xf7n\xde\x06\x9ak\x9a\xb1\xa0\xd3\xbc\
79\xca\x8ad\xc8\x00\x127\xdb\xa7\xbac\x08\x10\xfb\
\x0d$\xa6R\xe8\x01b\xcf%5.p\xed\x03>\xf1\
\x02\xdf>R\xf3\xe8C\x5c\xb3{y\xc6\xa9[\x11 \
6I\x12\x15\xe4\x98L\x14O\x17\xd0\xa6\x94\xba&J\
j\xd7\xf1-5\x1b\xf7\x11\xcc\x015\xae\xb6\x8f\xa6x\
\x08\x10\xab\xe4&\x93\x0c\xbd\x83\xdf\xef78]\xe2\x85\
\xe9]\xcf\x14\xff.\xc9\xa1g]\x88\xa4\x80\xd8.\xec\
\xde%4^,\x02\xc4\x82\x16\xed\xac\xa2\x89\x0a\xf0\x01\
\x1eaP\xae\xe1\x86\x1d\xb7R\xba\xd1\x0f\xd9}\xecV\
x\xe7>r\xcc!@\x8c-\xf9\xd0\x87>\xd4\xb8I\
\xe86\xa6\x16\xce\x89#Q\xd1\xc7G\xf7\x0c\xca\x90\xdc\
\x93\x117\xd9\xe1\xc9X\xfbd\x22s\xc7r\xa5\xaf+\
\x02\xc4\x8eJ\xbbq\x1c\x97\x12\x13\x5c\x00 \xc8\x9d$\
\xae\x08%\x9bc6z\xbb\xe9\xac)8\x94p\xe8\x13\
\x00\x0d\x01b\x09\x0a\x1c\xb5\x13&@l!I\xec(\
\xb1\x97M\xcc5\xcfD\x8d\x17/\xd6\xc1\xb4x\xae\xbe\
\x85\xab\xb9\xdf\xb7\xd2\xd7\x15\x01b\xac\x02\x16\x81\xce\x81\
\x01\xae\x8c\x14jI\xba8\x07\xc8h,e@\xbb\xef\
\xbe{\x92@a\xf4\xbb\x14qz[\xf4\xc9\x90\x0d\x01\
bip\x94\x9f\xc5I\xdf\xcct\xec\xa1\x13Qq\xd2\
Gf\x8a\xa6\x13\xb4F\x12GP\x88\x99(A7\xd1\
\xcc\xf7y\xd1\xe1c\xa5\x97\xcf\x80\xdf\x07\xac2v|\
\xc8\x001Z\xcc\x11*p\xc9\xd1=\xe0\x9b\xf9\x8c\xd2\
\xd5\xc4\xe8\x01b\xa0\x965C\xdb\xe5\xda\x10 \x96N\
\x97J'Z\xd7\xed\x889\x0d\xb8N}\xfbDh\xeb\
e\x8c\xe2]x\xa4\xa58b\x8d\x04K\xb0\x22@,\
 C#\xb5_\xa6\xc8o\xf4w\xa2\xf8\x1c\xdd\x03\xa0\
H=\xcb\x86E\xbf\x08\xa9f\x192\xd9\xbf>I\x81\
!@,U\x1c}\x22\x02\xc4\xc0\x07\xd8R\xce}\xd2\
\xe0\xba\x84b^\x14\xc02\xaf6\x90\x08\xf2\x5c%X\
\x11 VZ\xa4\x17C[?\xc1o\xa4\x17\x90\x9e\xcd\
\x99p\xe5?\x18\x01\xae\x03\x7f\x94i(\x02\xd4t\x18\
}D\xe8C\x80X\x99\xbe]\x97K\x11\xfc\xb7F\xd8\
N\x17\xd9:\xc1Y\x979d\x89\xe0\xf1\xca\xda\xba\xd2\
$3iy\x99\xbf\x12\xc4?\xc5\xb8\x13\x04\xedva\
AO\x98\xddF$o\x07\xcd\xd1=\x90>\xe2f\xed\
Z'\x9cp\xc2\x02\x88M4\x17\xa3O\x83\xc2!@\
la\xa2\x08\x05d\x16\x18\xa3k\xd6X\x9cO\x9b\xd3\
\xecD6\x93\x0bA'A\xec\x1f\xa6\xb6\x8e+\x01\xdc\
%X\x11;1jMj\x15\xa7\x1bF\x03\xact\x9f\
[\x91\xa3{0\xe1\xb8b\x13\xacD\x9e)\x91\x07j\
j\xaf[\xdf\xfa\xd6\xd9\xf3=\x04\x88\xd1}N\x12\xbe\
l\x80X\xf5\xb5\x1e\xc3\xb2\x879\xcdN\xb8\x0ft \
DD\xed\xf2-\xa7\x8d\xd3\xa5o\x03\x96\xec\x01X\xe1\
\x0b\x8b\x001J\xcc\x8e\x85\xe3\x0d\xb3k\x89\xc0I\x0d\
\xbd\x9f\xb9\xcb\x1c\xbdh6\xac\x06f\xc0\xff;\xb2}\
\x9e\xff\xd8\xa7\xcf\xc3\x10 \xc6\xb4\xd0q(\xbbR^\
\x84a\x11\xd0q\x0b\x88\xe3s\x18\x17\xbe4nX\x8a\
\x19}\x18\x06\xc0\x04\xf1}\x8a\x06\xba\xc6o\xcc\x7f/\
\x02\xc4t\x06\x87\x1f~\xf8\x05(#\xc1\x8f\x1d\x94;\
\x90\xab{@\xb3\x011f\x80\xff\x08\xc4\xb2c\x22y\
=|sm\x08\x10\x03\xaf\xb49\x19\xa5\x1d\xd5\xce\xeb\
t\x01\xe2\x5cz\x8d+\xa1:\x04\x1f,P\x0cC\xad\
Q\xb1\xf5\xf1\xf3s\x9f}\x8c\xeb\x8a\x00\xb1\x1dT\x8d\
]\xbb\xd4F\xf0#\xfa\xf6w\xb9U\xcf\xd4bv^\
|1\x1f\x19\xab\xc1\x8d \xc2\xa1W\xc8\xb5!@\xcc\
m F\xb2\x83\x021\x1fX\x85\x89\xbf\xcf\xd5;X\
\x94\xdc\x08*?\x0b3L\xcaY\x91h\x9f\x12\xa7\xdc\
g\x1f\xe3\xba\x22@,\x19\x80BjG\xdb\xc42$\
\x8b\xaa\x9e\xfdw\x8e\x11\xdaH1\xcb\xfc\xf1C\x01\x87\
6\xd9N&\x8d\x9dkC\x80\xd8\xa2$/\x8d\x05\x85\
)\xf1[\x04v\xb9 \xd6\x1c\xd1\xb8X\x0c\x91\x92\xf7\
\x0cb\x87\xbeY\xc8\xdcg\x1f\xe3\xba\x22@\x8cFr\
\xcc*\xb9\xe1\xcb\xfaC@.\xf5l\xd7\xc9\x15\x90;\
~-\x04eAR\xbd@\xec\x08\xa73 (\xca\xb5\
!@\x0c\xac\xc0&\xc8\xf4|R\xe0*L\x04\xb09\
l\x8b\xdfJ\x93,u\xfd\x867\xbca\x81\xfb\xf6\xf7\
X\x1c*\xbf>r\xce\xdcg\x1f\xe3\xba\x22@l\xe0\
PHvKn\x00q<\x81\x0cW\x80\x80&\xb7\x94\
\x07\x88\xf1\xc2\xca\x82\x1c\xc5\x14^\x12\x0c\x94mv\xf5\
\x5c\x1b\x02\xc4\xc0\xc7\x0d\x10\x98\x011?X \x86\x0f\
\xcf\x051yih\x89C\x0f\xe2\x19\xf0\xe9\x16<\xb5\
_\x09V\x0c\x88\x01\xcf\x11\xc9\xaf\x05d\x93\x8e#\xa6\
n\xcb}[\xa6\xddW\x86NY\x10?[\xba\xda.\
\x0eLh\xa9\x5c\x1b\x02\xc4\xa4\x93\xd4gd\xa1\xe8?\
\x0c\x0b\x86D\x02$\xf7\x95\xbfxo\xda\x0b\x0b\x224\
\xd2\x9e\x01\xa7\xce\xf7\xcfuKr\x9f{\xac\xeb\x8a\x01\
\xb1\x00\x08m\x84\xa9\xe0\xcf\x9ah\x0c\x85\x1a9\xfcj\
\x8e\x011\xad\x844\xb6\xa3\x18\x88\x05\x85*G\xe8'\
rm\x08\x10S\xe6qc\xf0\xbcN\x16\xdd\x880'\
\xb8\xe3\x5c\x10\x93\x94J\xf8\x10\xd7\xdb\x95\xc3\x88\x814\
e\xc9I\xc7\xe7>\xf3\x98\xd7\x15\x03b\x14\x12\x00\x12\
\xef\x00\xa3D\x85j\x0c;Zn\xb7\x1c\x01\x22:M\
Y\x90\xc5\x80\xd6\xe2\x96\x10\x95\xf7\xd1\x19\x0c\x01b\xe5\
D\x02J='\xe2\x1d\x22\x18\x12\xfe,u]\x8eq\
E\xb8Bh:\x0a6\x9d\xf4=\x13P\xa3\x0e\xfb\xbe\
\x81)\xe7;\xc7\xb8\xa6\x18\x10\xa3\x90L\xba\x144\x97\
\x82?+S'\xca\x97\x82\xce1\xc9\x01\xf70\xc9\x8e\
_\x93\xac\xceN\xf9S\x9f\xf2\xff!@\xec\x04\xa1\x03\
\xb6\xb0p\xd6\xbaX\xca&\xdaYs\xb4 \x9e\x97\xa0\
\xc9=,p\x8b\xc1\xc9b\x01\xe0\xd4K(\xd5\x8f9\
-\x06\xc4\xa2x\xbe\xabtm\xb4\xa1BKI\x1a\x10\
\x03\xe5f\xb8\xf8\xa1$\x9d\xc4@@lG\xb7\xfb\xd1\
O\xe4\xda\x10 &\xc1T\xd9\x8c#\xc6\xb6\x10\xc4\xd3\
:(O\xca\x051Z\x8dF\x82\x16$\xda\xd5\x0a\xe6\
T\xbc\xf4\xedo\x9c\xfb\xecc\x5cW\x0c\x88\xed:\xaa\
 \xda\xef\xef\xe0\xf3\xd9\x89\xb1\x149\xfe\x1f\xb5\x98\x1e\
\x16\xe8\xad\xe8<\xef\xf8\xd5\xebM\xf6/\xd7f\x051\
\xd0\x12\xbf\xcb\xac\x05eHK\x8c\x16SR\x94\xfb\xba\
.\xaf6\xa0%\x16\x1cz6\xe0\xb7\x18\x08\x8bp\xce\
\xa5X1 F!\x99x<j\x041\xd2\xc6\xa4\x8c\
\xdbo\xbf}\x16-e\xa2\x01P4O\x8e\x19\xbb7\
\x86\x83\xbf\x9d#\xba\x01\x8cYA\x8cR\xc3\xed\xaa*\
a\x80\xac\xb2\x84\x1aM\xc9~.\x88%J\xf0\xdb\xf1\
F(l\x84,\x9d\x93\xa5\x8f>z\xde\xc1^\x0c\x88\
\xed68T\xef\xa6\x08:\xc9\xee\x8b\x92\x12\x89\xe7\x88\
\x80\xb0\x1a\xfaL\x08\x06\x89\x80\xc2\xec\xf0@\x9c\xa3\xe1\
\x1d\x02\xc4|s\x0b\x12`\xc3\xa2\x9f0\x17\x83\x8b\xd3\
e\x80/\xf3(\x18\xe4W\x0b\x0e\xc5\x08\xdc\x08\xa7M\
\x9fJ\x95\xae\xef\x1a\xfb\xdf\x8b\x0116!^s\x15\
\xd5\xca@l\xd7\x91\x04\xc9\xe9\x1b\x01\xc4\xc0\xc3g$\
\x9c\x09\xc3N\x10\x91\xe7&\x19f\xdd\x89\x05\xa6~\x07\
\x8a-L]\x1d\xd1\x0e\xb7&\x07\xc4vs]\xefe\
-\xa9\xe0\x18\xa6\x85\xfcR\x163\x97;\x1f\x1b\xa09\
\xdf_\x0c\x88\xf1\xba\xa81\x19\xba(M\x976\x96\xba\
\xa5\x09\xce)\xb97\xd9X\x01;\xba\xb6\xaaa\xee\x01\
<\xb9\x15\xc6\xb3\x82X\xfb\x00\x85\xaf\xf4\xd0a\x14g\
\xd1O8\xe7D\xb0\xfb\xa2\xd6\xb8 \x01b\xa9xc\
AO\x92\x9b\xc5\xcc\x01\xd1\xd8\xd7\x14\x03b\x8c\x84j\
\x08\xefB\x8e\xf2\x22 \xa61\xa6\x87\xc8\xa9V6\xd9\
\x92\x0c\x5c\x92\xb6\xfe\x16\xd7\x0a\xc4\xb9\x92\xceYA\xcc\
\xa7\x07\xe2\xb6\xc8\x1f\xc3B\x91g7\xce\x011J\x0d\
3\x83\x1a\x8c\xda:\xa7\x91\xcf\xeb\xc3\xa6\x87E)V\
\x0c\x88\x1d\xc1\xa2q\xbbLTf\xe0\x8a\x09\xdaE\xe8\
9\x81\x8c\xc9V\xc3F[ \x8d\x1d\xe6\xf8U\xf6\x9e\
\xab\x86\x9b\x15\xc4\x9a\x1bb\x10p\xc2a\x18\x164\x9f\
\x05\x99\xc3\xb4\xc8\xf4aj0\x1c\x01b\x1d\x84,F\
2\xccR\xc4?\xc6\xa7\x18\x10;>\xf5\x8b\xa0}\x08\
\xed,\x10+\xcd\xf1'\xa7F\x8e\xe6\x02\xbdf\x17t\
\x14\x87\xa9\x10\xc1\xb7\xea\xfb\x90c\xb3\x82\x18\xbd\x87'\
n\xf7\x92\xa3\x9b\x00@R\xd1\x9c\xfa:q\x81\xf4\xb2\
\x93\xc8s1.\x95g!\xfe\xe1Z\x94b\xc5\x808\
\xea\xc9\x08u\xa2\x8aA\x86\x8aOh\x07\xcb)/2\
\xd9\xf4\xb7D3\xf4\x13a\x18\x01\xf7\xc8qI|f\
V\x10;I\x9c\x06\xf8\xe90\xba\x09eF\x02\xb5\x1c\
\x10\xe3\xcd5\x95\xe1\x92\x04\x88iI\xf8\xd9(\xc7>\
m\xb0\xe6\x1d\xec\xc5\x80\x18\x85D\xd4.5\xab\xdc\x9d\
\x011\x8a\x09=f\xf2\xbbLD\xaf\xb6\x0d/\xfc\xe9\
O\x7fz\xe1r\x9f\x07b\xda\xe2\x1c\x9b\x15\xc4\xf8]\
\xd4\xa0\x13!\xccsXL4\x0f9M\x00\xb9V8\
r\xec\x8c\xe7b\x16!\x81\xbcDGN\xf1l\xce\xb3\
\xce\xc35\xc5\x80\xd8`\x0a\xccp\xc2\xa8%\xa0\x96\x9c\
\xe0K\x9a|\xc7p\x97\x99l\xc1\xa1c\x5c\x95q\x18\
\x00\x0b\x86rk\xd2f\x05q\xf4\x9c\xc0\x94\x84\xa1\x09\
\xe9 \xbc\x8c1\x07\xc48\xe2\xe8\xc5\x11 \xc6\x0dK\
\xa2(\xa2\xcd\xa5\x0b\xbb\xc6l\x1e\xfe\xbd(\x10\xd3\xdd\
\xf2\xf7\xf8\xb3\x00\x1d\xc5\x95\xfc@\xc1L\x97\xf9<j\
\x0d\x08\xdb\xaf\x06\xe0S\xf3\xb5\x01(\xc7f\x05\xb1\xba\
\xb8\xa0\xfa\xe2\xfb,B\xe2$b\xa6\x9c\xb6\x5cq\x0f\
\xdaa\xcf\xc5p\xcd\x80-\xc0\xcb\xcd\xfa\xe5<\xef\xd8\
\xd7\x14\x07b\xaf9\xe0\xcfb+\x08x\x04c\xd8\x05\
\x1ck\x97\x99l\xfd\xd8\xd4\xb6I\x9c\x84a7\x808\
\xc7\xaf\xf6\x99YA\xcc\xa5\x01b\xee@\x98\xca\x12\xcf\
a7\xcd\x01\xb1r-\xee\x081S\x80\xd8I\xa2S\
\xa8\xece\x8e_\xdd5^\xf3\xf2\xefE\x81\x98\x0b\xe1\
\xd8\x17\x9c\x85~\x16\xb7\x8b\xe7\xcdi\x9e\xe7\xf38f\
\xc1\x10\xaa-\x0c\xad\x85\xa3\xe5\xaa\xe4\xd8\xac \xf6\xfb\
q\xd5\x02\xb30\x01+\xf1\x8fr\xa9\x1c\x0d\x07\xe1\x93\
\x00\xd5\x82\xf0\x5ct \xb8f\xf7&\xc7,EKl\
|\x8a\x031Q\xbb\x09\xa4\x9f0q|?Z\x81\x9c\
6\xa6t\xbb$\x98:\xa8\xb7\x9b\x13\xcarI\x1ap\
UrlV\x10se\xd4\xc6\xb5]\x1a\xa7\x01fA\
\xb9T\x0e\x00-\x00A\x1d\xdf\x18\x88\xf9\xd1\xdc!\x01\
kI\xbbp\x91 \xb6[92\xa5\x9e\x81\xd8\xd1\xab\
\xbc\x88_\xdc\xa5)\x06b\x1a\x0c\x9ab\xbec;\xa8\
\x02bR\xc8\x1c\x9b\x15\xc4\x00\x08\xc4zL\x84\xa9,\
qB\xe8\xf2\x99\x03b\xfa\x0f\xbf\x83\xa6\xd8s\x91a\
r\x87\xf0\xe09\xeeH\xces\xce\xcb5\xc5\xed\xc4\xc4\
:\x5c\x01*\xb4\x00-\xb1<\x10w\x09g(\xbf\xe8\
\x16\xf8\x9e@\x14\xc6\x8d\x10\xdc\xe5\x04\x87C\xf8\xc4N\
\x01\xe5I\xd2\xc6a\xdc\x19\xba\x10\xfcn\xd7b\xf4\x19\
\xee\x88\xc5K\xdd\x07\xc4t\x1f\xc4?\x16g\x05\xf1\xbc\
,\xbf\x0b\xf9\x1d&K\x82\xc0.\xd4n\xdbD\x0d\x86\
\x9e\xea\x12\xf0\x00\xb1\x80\xd0\xab\x00\xdamb%\x07\x04\
\x86\xb9uv\xb3\xee\xc4\x00\xec\x8f\xaa\xeb0>\xbd4\
4Mp\x0e\x88\xa9\xe0\xb8E\xb4\xc4\xd1\x87C\x85\xb3\
`/\xc7\xa7\x9e\xe3i\xfe\x8f\x9fV\xd4N\x0c\xc4\xd1\
g\xa1\xad}\x00`\x5cq\x8e^\x800\xde\xae\x0d\x04\
a\xb8f\x00\x164\xe6\xd8\xac \xb6\x80\xec\x988\xeb\
0RP\xba\xe6\xae\xd3$\xae\xa7\x8b\xe6Zy\x1e \
F\xab\x11\xc8\xab\x17\xac \xce\x99\xc5\x91\xae\x01bU\
\x19\xb2]\xed\xb41\x00\x10\x02\xe5hh\x05A**\
D\xf6\xf1&\x88\xad\xb6\xda\xaa\x01\xb1\xfb\xe4\xd8\xac \
V\x96\xaf#|\xfb\xbds~\xbf@-\x07\x80\x9eA\
f\x8e\xa2/\xca\x9b\xb0\x1ah:\xbbs\xce=r\x9e\
s^\xae)j'6a\x82!Gf;\xe3&(\
\x03\xc0\xdc\xaag;7\xb7$\xf8U\x0a8\x9d\x81\xec\
\xe696+\x88\x81\x95$4\x84\xf9|X\xecJ\xee\
\xcb%\xb5,\xb0k\xc7\x1bU\x8d\x8b\x949\x9f\xde)\
SA\x9c3\x8b#]c\xb2\xb8\x11\xfa\xfa\xb6\x93\x15\
\x12 |Jm\xfesLf\xccN\x1c\xcd\xad\xd5\xa5\
\xd1\xe1\xb6\xcb\x85\x16\xbb\xcf\xac \xf6y \x0eI\xa9\
\xec\x9a\x9d\xb8-\xcd\x5c\xec\xfb\x15\x08p'\xda\xd7\xd3\
KX\x88\x16s\x0e\xbb\x913N\xf3rMq;\xb1\
\xdd\xcb\x8e\xd5\xe6y\xa5l\xf9\xb3\xc4A9\xe6\x18v\
\xa4\xc7\xebh\x1d\xc5xZ\x7f\x9fc\xb3\x82\x18\x95&\
8\x8d\x17\xe0\x08\xe6\x80\xb8-\x92_\xecw\xe0\xba-\
d\x7f\xc2\xf4\x99p\x22\x01r\x05q\xce,\x8ex\x0d\
-.\x10\xa1\x98\xc2(\xc0Pd\xb9\xfd\xd4\xf8\x8d\x84\
2\x22{F\x87\xab\x8d\x15\xaa.\xc7f\x05\xb1\x0c\xa3\
E\x08\x8cL\x9a\x98\x0c\xb3]\xae\xb4\xd8\xef@/Z\
\x844\xc9a\xe85B&~q\x0e\xbb\x91\xf3\x9c\xf3\
rMQ;\xb1AU\xda\x83\x1fm\xb3\x0bv\xa1h\
\xb8\x9d3\xf0\xf1\xf9(\xfdW\xd1\x01\xc4x\xda\x1c\x9b\
\x15\xc4xj \x8e7\x80Jp\x90\x83\xb6\x0bG\x17\
\xfb\x1dJ\xab\xc4\x05\xed\x84\x8dl\xa3{\xe0\xbc+\x88\
sfq\xc4k\xb8\x00v\xcc\xf6\x9b\x94\xf8\x83\xdc\x81\
\x9c\xd4\xb3\x9f\x0e\x84\x16A\xbc\xa8\x5c\x15\x04\x10\x8b\xf8\
slV\x10\xebLO\xfc\xe3E8\x0c=\xc6\x97\xcd\
\xf5\xc913vaLM\x98\x8e\xa1\x02S%\xfb\x15\
\xc49\xb38\xe25\xb4\xb3\x8ec\x80C51\x81\x99\
\xe0\xae\xfdb\x9a\xc5~\xa2\x05`'\x8b\xaai\xc7\xb9\
\xcf\x13\xcb\xe7\xd8\xac \xb6\xd8\xf4\xbeP\xfc\xcat\xff\
Q\xe3\x17\xcdT\xba~\x03\xcd\x05\x15\x1c\x0dI\x98\xc0\
\xd4\xe2\xa0\x82\xab \xee\x1a\xc19\xf8w;\xb1\xc8<\
\xd8\x05\xe5\xe9\x94h\x84@9\x86\x99P\xa8\x19\xaf\x08\
\xd0T\x10=\xd5vQ\x16\xbb\xcf\xac VK\x07\xc4\
\x11X\x12\xb1\x03\xb1\xe0.\xc7\xb8\x22\xdeFJ\x8e\x19\
FJ*\x13\x99['\x98\xf3=\xf3rMq>\xb1\
\x81\x05`\x99\xa9\xd8\xc9\x94\xaa\x0bh\xda.\xc6b\x13\
\x00\xc0\x8e\xe3\xe0i\x89g\x04\x85\xedJ\x8b\xe5\x041\
\x9d\x84v\x5c\xf1&Q<\xb5\xa0\x0c\x90sL\xc6O\
\xb2\xa4\x9d\xb5\x14\x18\xca\xe0\xe9s\x5c\x9a\x15\x09b\xc7\
>\xc0F;+\xee\x00\x9a\xad\x1d\xad/6\x91\xc0*\
\xeb\x17\xb5z\xa4\x8bvr\xc0\xc8\xb1YwbG?\
\x11S\x94\x15\xc9\x18\x02q\xfb\xedP\x8b\xfd\x0e\x1c1\
\x8aN\x9b\xdb0\x09\x1c\xacKn\x83\xee\x9c\xe7\x9c\x97\
k\x8a\x04\xb1\x9d\x14G\x1aMT\x88\xc0\xb5E5\xb1\
9&\xaa\x07\xe2\xd8\xc9\xf0\xaa\xaa\xa6\x1d\xd39\x1c\xeb\
, \x96:\x17D\x0a\xca\xe2]\xcc\xde\xd5\x81\xe7\xc6\
\xf1\xe6\x18v\x85;\x12\xee\x90\x0c\x9d\x04\x8e\x0c^i\
\x0a6\xe3Q$\x88)\xc0\xf0\xa4\xa1d#\x08\x97\xe8\
\x90\xc5\xcb\x01!f\xc0n\xac*\x22Lto\x11\xb8\
WW`\xb4T\x10\xcb8*\xaf\xc7\xa4\xb43\x8e*\
\x9c\x818W\x0a\x8a\x8a\xb3\x08\xe2e32~\xfca\
\x01o\x89V$\x88\x1d\xc5\xd8\x85\x902\x02\x1d~\x94\
X^\x0b\xa8.\x10\x12\xa5K\x96(\xe5\x09S\xdd!\
X\xca)\xedY*\x88\xed\xbc\x9aa\xcb\xac\xe9\xe6\x1e\
\xa6\xdd\x80\xc0,\xf7\x0dN\xa84\xcfJ\xe0\xcf\xb8S\
4\x13v\xe3\x12\xadH\x10+\x8e\x14\xdc\xb4E@v\
3;)Mq\xd7\x91\x8a\xa2\x02b\xf7\x09\xe3\x8e\xb8\
\xa7\xcfw\x09h\x96\x0ab\x82#=\xd4\xf8\xbfmz\
\x8c\x84\x12\xb0s\xdf\xa5g\xd7\xb6\x08\xdc\x8byU\x02\
zN\x8b\xaf\x12\xadH\x10\xab\x88\x00B\x11~\x98\xac\
\x9d\xc0\x8e\xa6\xb8\xab!\x1f%\x1c]r\xbbP\x93;\
\x22\x15\xad\xf0\xb4\xab\xef\xc3RA,\x90\xd3CMf\
\xad]\x9a\xc4\x1f\x976'j\xcf1\x9c\xb6E\xa0\xcf\
1C\xd1\xe1\x9es\x8aes\xee?o\xd7\x14\x09b\
=\x17\xf8\xc5m\xfd\x84^l\xa2v\x9a\xe2\xaew^\
X\x04>\xdf\x16\x11\xd1_`=\xecj]\x85\x96K\
\x051\x7fX3A\xc5\xae\xed\x0eD|d\x95%Z\
Yu\x19\x97\x84\xebc\x11\x84\x94T\xc6\x12\xc5\x96\x1b\
\x18v}\xc7\xbc\xfd{\x91 \xd6\x00\x85\xeb\xd0Vq\
\xd1\x12\xd3>\xe8\xbd\xd0\xd5\xfdF\xf3\x15 \xe6\x03\x87\
\x01\x10\xeeY\xe2\xa4k'_*\x885|!`\x92\
^n'*\xb8\x12\xb4\x1f]RR\x00v\x0f\x05\xad\
z5\x87q\xa5p\xccv\xf4\x12\xadH\x10\xd3\xe1b\
\x184A\x09\xf3.;RJ\xf5r\xde6\xba\x98)\
\x0b\x8a\x16Pq\x9d\xcf)Bu4w\x95\x08-\x15\
\xc42\x8c~;\x01\x90\xd7\xfc\x86q\x03\x80\xb8\xeb\x8d\
G\xdc\x11\x09\x1e;n\x9bY!\xfe\xe1g\xe7\xb6\x1c\
\x98\x1a\xd0\x8b\x04\xb1\x16\xaf(\xa6\xb6\xfe\xd7[E\x1d\
\xd3&\xb2\xeb\xfd\x1d\xca\x82$6\xd0tm\x9fZ\xda\
Z\xf6\xac\xab\x05\xd4RA\xcc\x87\xd5L\x10\x15\xe6U\
fa\xd2\xcd\x80\xd9\xd5\x0b\xce.L\xb4d\xd7\xe5R\
\x85\xa1\xe6$Jr\xdc\x91\xa9\x01\xd8\xef-\x12\xc4\xa7\
\x9crJC1\x01m\x98\xb6\xa6v4AOW\xea\
U[T\x0d\xaa\xdbm\xa4\xec\xe4>o1t\xed\xc4\
vq\xccF\xa8\xe0\xf8\xd1\xd8\x8d\xaeji;1-\
0\x16$z,\xfb\xfd\x92\x1f\x82:\xe2\xfc\xc5\xcc\x22\
\x90\xe0\x90\x9d;\xf2\xc8#\x17.E\xcf\xf1\xa9\x15\xbc\
\x96hE\x82\x98\x98\x1d\x88\xda\xd5\xc9:\xe7H\xe7:\
V\xe9s\x173\x0d\xbb\x95\xf8\x84\x9e\xd7\xb5\xaa+\x80\
\x91\x18\xa8\x8bb\xc3\xcf\xfa|h\x1f\xec\xdc\x16\x8e\xf7\
D/fTwZ\x06\x00\x7f\x88\x7f\x5c\x8fQ\xf1\xf9\
\xae\xd7\xe1\xfa\x8cS\x84F\xa2\xdd\xb2\x00o,8\xcc\
\xad1\x9c\x1a\xd0\x8b\x04\xb1BI\x1cq\xfb\xa5\xe2\x84\
\xed\xa2v|iW\xe9\xbe\x00\x09S\x10\xaf\x090\xa9\
\x80+\xa0\xeb\xe2\x98]\xeb\xb3\xfeD\xdaX\x96\x10\xa3\
\xd1\xc5j\xf8,F\x81[\x102R\x7f\xe7\xf5\x06>\
\xdb\x95m<\xfd\xf4\xd3\x1b_Z\x00\xdb\xde\xc9e\xf0\
\xb8\x14\xb9/j\xaf \x9e\x83\x11\x10\xe0\xc8\xb6\x01m\
\x94\xac\x13\xb6\xcb\xda\xd9\xa5Jz\xe9J{\xb8\xe3\x04\
B%\x86n\xc2\xbf\xd3R`&J\x94a\x16\xeb\x13\
\x03.\x8aJ\x86+vD\xed\x9f4\xd4\xc30\x94:\
\x99\x5c\x18\xdc6\x9f:\x8aLM2P\xa3\xddr\xde\
\xe57\x07{P\xef\x9fP\xa4;a\x14p\xbd\xe4\x93\
|L;3ZMp\x86q\x10\xe4\x95hj\x02\x01\
X\xb9\x7f\x14\x99zN\x7fgAw\xb12S\x1d\x93\
bA\x8c\xeb\x95$0\xb1\xa2~:Z\x89\x0a\x09\x0c\
\x5co\x89&\x10b\xd3/-\x00\x00\x02\xc3IDA\
T\x95U\xc4\xcc\x043\xe29\xed\xce^\x97P\xa2\x96\
\xb8Xw\xc2\x83\x89\xd2\xe9\x05\xd0e\xd8\x06\x81\x91\x08\
\x9f\xc4Q\xdb\xff\xae i\x8a \xf7\xda/\xc2w\x85\
\xa2\x8aL\xa9\xf5<'PS\xc2ui>\xa6\xf8\xcc\
E\x83\xd8\xdb\x83\xf4\x19\xc6\x97\x8a\xdaM(\x8a\x0a\x87\
+}\x8b*+\xc9\xf8\xfe8f\xec\x8b\xac\x1f\xba\x0d\
\x93b\xf7%d\x92q,\xd5\x8au'T*S\x9d\
\xc9\xdcQ\x86\x05UE\x8e\xa8^\x8e\x7f\x5c\xcan,\
\x90\x15\xd4\x09f\x9d>N\x1e\xf4\x9eE\xabRZ\xe1\
\xab\x12\xa7R\xadX\x10\xa3\x9b\xa4^\xa5\x9e\x89j\x18\
\xd0JX\xe0L\x01Y)\x7f\x09\xc6\xef\xc7\x8b;e\
$9p\xcd\xd1\x93Xp\xabgEI/$_}\
\xce\x8a\x05\xb1D\x05\xbfP\x0a\x16\x98\x09\xc4\xe3\xf5\x07\
\xd8\x89-\xb6\xd8\xa2!\xff\xb9\x15S\xf5\x15%D\x04\
\xad\x16\xa9\xa2P\xee\x84D\x0f\x00K\x90X\xa4DP\
b\x80.\xd1\xd3\x94\x17s\xb1 6)v$\xf4\x12\
\x0d\x04yf;\x03\x17\xa9`\xb4\xd3\x94A\xccu\xa0\
\x15Q\xd6\xd4\xce\x10J\xb3c$\x04z9%U\x15\
\xc4s<\x02g\x9cqF\xe3\x13*\xfct\xec\xda\xbd\
\xa2y\xf6\x1c\xff\xec%\xfd4'\x8d?D\xff\x84N\
\xfcc\xaf\xc2\xed\xaa)\x5c\xd2\x97\xcd\xd1\x87\x8a\xde\x89\
\x8d3\xd0\xa2\x9e\xe2\xe5\x84\x92\x00!\xcc\x99\xa3y\x18\
\xe4\xa78Q\xb8\x0dd\x97\x92\x1bZVu)\xee\x06\
\xf9\xe2\x91oR<\x88\x8d/\xfa\xc9.\xac[$\xb7\
\xe2\x84\x13Nh\x92\x01\xde\x94\xc4\xa7\x8c@h\xe4\xb9\
\xe8\xfd\xf5DI@\xca\xaf\xa7\x90\xe3\xeb\xd3;K\xaf\
s'JMn\xfc\xcf\x04v\x17\x86\x88xc\xa8\x00\
\x88\xb6\x00\xb0\xf9\x94S\x061\xd7a\x9du\xd6i@\
+P\x15\xb0\xe6\xb4%\xe8\xbdb\xe6\xf8\x03\xff\x13;\
\xf1\x1c\x8f\x7f\xfdi\x03\x8c@\x05\xf1\x00\x83Xo1\
\xee\x08T\x10\x8f;\xfe\xf5\xdb\x07\x18\x81\x0a\xe2\x01\x06\
\xb1\xdeb\xdc\x11\xa8 \x1ew\xfc\xeb\xb7\x0f0\x02\x15\
\xc4\x03\x0cb\xbd\xc5\xb8#PA<\xee\xf8\xd7o\x1f\
`\x04*\x88\x07\x18\xc4z\x8bqG\xa0\x82x\xdc\xf1\
\xaf\xdf>\xc0\x08T\x10\x0f0\x88\xf5\x16\xe3\x8e@\x05\
\xf1\xb8\xe3_\xbf}\x80\x11\xa8 \x1e`\x10\xeb-\xc6\
\x1d\x81\x0a\xe2q\xc7\xbf~\xfb\x00#PA<\xc0 \
\xd6[\x8c;\x02\x15\xc4\xe3\x8e\x7f\xfd\xf6\x01F\xa0\x82\
x\x80A\xac\xb7\x18w\x04*\x88\xc7\x1d\xff\xfa\xed\x03\
\x8c@\x05\xf1\x00\x83Xo1\xee\x08T\x10\x8f;\xfe\
\xf5\xdb\x07\x18\x81\x0a\xe2\x01\x06\xb1\xdeb\xdc\x11\xa8 \
\x1ew\xfc\xeb\xb7\x0f0\x02\x15\xc4\x03\x0cb\xbd\xc5\xb8\
#PA<\xee\xf8\xd7o\x1f`\x04*\x88\x07\x18\xc4\
z\x8bqG\xa0\x82x\xdc\xf1\xaf\xdf>\xc0\x08\xfc\x1f\
h?\x0bV\xef\x1b\x0d\x9f\x00\x00\x00\x00IEND\
\xaeB`\x82\
\x00\x00\x0f\x03\
\x89\
PNG\x0d\x0a\x1a\x0a\x00\x00\x00\x0dIHDR\x00\
\x00\x00\xf5\x00\x00\x00\xd7\x08\x06\x00\x00\x00\xc2\xd5\x17X\
\x00\x00\x00\x01sRGB\x00\xae\xce\x1c\xe9\x00\x00\x04\
\xa6tEXtmxfile\x00%3Cm\
xfile%20host%3D%\
22app.diagrams.n\
et%22%20modified\
%3D%222022-10-05\
T07%3A08%3A57.76\
4Z%22%20agent%3D\
%225.0%20(Window\
s%20NT%2010.0%3B\
%20Win64%3B%20x6\
4)%20AppleWebKit\
%2F537.36%20(KHT\
ML%2C%20like%20G\
ecko)%20Chrome%2\
F105.0.0.0%20Saf\
ari%2F537.36%20E\
dg%2F105.0.1343.\
53%22%20etag%3D%\
22uzmuDjLS_W0YyO\
pnn1ED%22%20vers\
ion%3D%2220.4.0%\
22%20type%3D%22d\
evice%22%3E%3Cdi\
agram%20id%3D%22\
uzbTDIeKd6uhhh1k\
yxa7%22%20name%3\
D%22Page-1%22%3E\
5ZZNc5swEIZ%2FDc\
d6BII4Ocbko%2B20\
M%2B24Mz0rSAY1gm\
WEHLB%2FfSVYvsZO\
Ws%2B08cFckN7dlZ\
ZnV4BH47x51KzMvg\
IXygsIbzx65wWBHw\
a%2BvTll1ynLm7AT\
Ui05Oo3CWu4FigTV\
reSimjkaAGVkORcT\
KAqRmJnGtIZ67rYB\
Nd%2B1ZKk4ENYJU4\
fqT8lN1qnXERn1j0\
KmWb%2BzT9CSs94Z\
hSpjHOqJRO89GmsA\
043yJhbKweu5dHEP\
r1iHxLQozN8ErPJd\
1nwnyfrX5%2FjH4%\
2B3%2Bbp9%2F%2Bk\
AxuRemtvjEmK3Z9Q\
gykys78j26ehHaSA\
vnC3sS6htU0kgorO\
0JjIHcOjAlUyckNi\
mhraCc54olz6mGbc\
FjUKDbZemmvSaL3m\
KsgdKqldHwPDCPBm\
WyAiHX5IE4S4%2FW\
TTirMsFxYi2le4y8\
SV1%2FLiRUy4W0zV\
Italm0QasNFAYbjw\
ZuLpXqd%2BFiw7bK\
8l0hJ5uraF6tgD%2\
FU1R4IAbkwemddMC\
C4Qdp4FoIrnNdjZw\
Uhatmkq4bTwLCb02\
HtseB2gDU%2Fpf7B\
n%2BvfFm4gWmfSiH\
XJEmetLVSrTTrkjS\
IdFPTdwFMSzcBTcg\
je96Mj4P8bd3qR3O\
nZuYcXyX15du7RJX\
IPz%2F%2BeuTqFu%\
2F9%2B3KeR%2F4B8\
GM4%2FreGRN83y2J\
f1dPB2Ov60tbbJry\
%2B9%2Fw0%3D%3C%\
2Fdiagram%3E%3C%\
2Fmxfile%3E\xe6ydo\x00\
\x00\x0a\x0bIDATx^\xed\xdd-\x93dY\x11\
\x87\xf1j\x02v\xd9\xe0M!@aP\xacA\xa2X\
$\x06\x83\x01E\x048$|\x80m>\x00H\x1cD\
\xa0\xc0`0H\xd6!1\x8b\xc2\xa0@`\x86\xb7X\
X\x08\x9a\xe8!&b\xe8\xb9\xd3q\xeeT\xde\xbcy\
\xf2\xfcV\xcd\xce\x9c\xca\x93\xf9\xfc\xcf3g\xaa\xba\xab\
\xfa\xe6r\xfb\xe4\xee\xe2?\x04\x10hC\xe0\x86\xd4m\
\xb24\x08\x02O\x09\x90\xdaA@\xa0\x19\x01R7\x0b\
\xd48\x08\x90\xda\x19@\xa0\x19\x81M\xa9\xef\xde\xfeD\
\xb31\x8d\x83@O\x027\xdf\xfb\xf3\x0b\x83\x91\xbag\
\xd6\xa6Z\x84\x00\xa9\x17\x09\xda\x98\xeb\x10 \xf5:Y\
\x9bt\x11\x02\xa4^$hc\xaeC\x80\xd4\xebdm\
\xd2E\x08\x90z\x91\xa0\x8d\xb9\x0e\x81\x10\xa9o\xdf\xf9\
\xc7\x0b\xc4n\xdf\xfa\xf0K)F\xac_'\xa2:\x93\
\xde\xdc\xdc<m\xe6\xee\xee\x7fo\x0d\xb8\xff\xff\xfb_\
?\xfc\xfd\xe7\xff\xec\xe1\xaf_\xf6g\x115\x1e\xdb\xeb\
\xb1\xfa\xcf\xff\xd9\xf33m\xcd\xf9\xec\xf7\x9e\xa5\xb2\xc5\
`\xa4\xc6\xb35\x0f9\xbel\xcf\x87=\xbe\xfd\xc5\xd7\
_z0B\xa4\xde*\xf2\xd8\xd7\xb5#\xd6\xd79\xea\
:A \x9f\xc0^\xbfv\x7f\x9d:B\xd2\xbdM\xe6\
c\xb4#\x02u\x08\xec\xf5\x85\xd4u\xb2\xd3\x09\x02\x9b\
\x04H\xed` \xd0\x8c\xc0\xe1RG\xbc\xf0\xb5\xf7\x85\
\xb5f\x19\x19\x07\x81]\x04\x1e\xf3%\xe4\x85\xb2]\xdd\
X\x8c\x00\x02\x87\x12 \xf5\xa1x\x15G \x9f\x00\xa9\
\xf3\x99\xdb\x11\x81C\x09\x90\xfaP\xbc\x8a#\x90O\x80\
\xd4\xf9\xcc\xed\x88\xc0\xa1\x04H}(^\xc5\x11\xc8'\
@\xea|\xe6vD\xe0P\x02\xc3R\xbf\xf5\x99\x0f\x1e\
\xda\x88\xe2\x08 \x10C\xe0\x9d\xdf\xff\xfb\x85B>M\
4\x86\xad*\x08\x94!@\xea2Qh\x04\x81\x18\x02\
\xa4\x8e\xe1\xa8\x0a\x02e\x08\x90\xbaL\x14\x1aA \x86\
\xc0\xa6\xd4\xbf\xfa\xc6Gb\xaa\xab\x82\x00\x02\x87\x12\xf8\
\xd2O\xfe>\xf6B\x99\x9f\xd0qh\x0e\x8a#\x10F\
`\xf8KZ\xa4\x0ec\xae\x10\x02\x87\x12 \xf5\xa1x\
\x15G \x9f\x00\xa9\xf3\x99\xdb\x11\x81C\x09\x90\xfaP\
\xbc\x8a#\x90O\x80\xd4\xf9\xcc\xed\x88\xc0\xa1\x04H}\
(^\xc5\x11\xc8'@\xea|\xe6vD\xe0P\x02\xa4\
>\x14\xaf\xe2\x08\xe4\x13\x08\x97z\xab`\xfeXv<\
\x8a\x80\xefW8\x8al\x5c]R\xc7\xb1\x5c\xa2\x12\xa9\
\xeb\xc7L\xea\xfa\x19\x95\xea\x90\xd4\xa5\xe2\xd8l\x86\xd4\
\xf53*\xd5!\xa9K\xc5A\xea\xfaq\xd4\xef\x90\xd4\
\xf53J\xb9\xa9\x1d\x84\xfa\x07a\xab\xc3\xbd?\xa2x\
\xce)\xfbuM\xea~\x99\x86MD\xea0\x94\xa9\x85\
H\x9d\x8a{\xae\xcdH=W^\xcf\xba%\xf5\x9c\xb9\
\xa5tM\xea\x14\xcc\xe1\x9b\x90:\x1ci\x9f\x82\xa4\x9e\
3KR\xcf\x99[J\xd7\xa4N\xc1\x1c\xbe\x09\xa9\xc3\
\x91\xf6)H\xea9\xb3$\xf5\x9c\xb9\xa5tM\xea\x14\
\xcc\xe1\x9b\x90:\x1ci\x9f\x82\xa4\x9e3KR\xcf\x99\
[J\xd7\xa4N\xc1\x1c\xbe\x09\xa9\xc3\x91\xf6)H\xea\
9\xb3$\xf5\x9c\xb9\xa5tM\xea\x14\xcc\xe1\x9b\x90:\
\x1ci\x9f\x82\xa4\x9e3KR\xcf\x99[J\xd7\xa4N\
\xc1\x1c\xbe\x09\xa9\xc3\x91\xf6)H\xea9\xb3L\x91z\
N4\xba\xde\x22\xe0m\xb4\xf5\xcf\x05\xa9\xebgT\xaa\
CR\x97\x8ac\xb3\x19R\xd7\xcf\xa8T\x87\xa4.\x15\
\x07\xa9\xeb\xc7Q\xbfCR\xd7\xcf\xc8M]?\xa3R\
\x1d\x92\xbaT\x1c97u\xfd\x91u\x88@o\x02\xe1\
7uo\x5c\xa6C\xa0>\x01R\xd7\xcfH\x87\x08\xec\
\x22@\xea]\xb8,F\xa0>\x01R\xd7\xcfH\x87\x08\
\xec\x22\x10.\xf5V\xc1]\x1dY\x5c\x9a\x80W\xbfK\
\xc7\xf3\xb49R\xd7\xcf\xa8T\x87\xa4.\x15G\xce\x97\
\xb4\xdc\xd4\xf5C\xbf\xa6CR_C/\xe7\xb1n\xea\
\x1c\xcemv!u\xfd(I]?\xa3R\x1d\x92\xba\
T\x1c\xe7\xfd\xf3\xdbA\xa8\x7f\x10\xb6:\xf4~\xea>\
\xb9\xdd\x5cn\x9f\xdc=\x1cgTL\x07a\xce\x83@\
\xea\xde\xb9\x91\xbaO\xbeWM\xe2/\xe8\xab\xf0\x9d\xf6\
\xe0\x94\xe7\xd4\xa3\xb7\xfci\x14l<\xfc\xdcL\x96\xf5\
\x0f\x0b\xa9\xebgtZ\x87n\xea\xd3\xd0_\xb51\xa9\
\xaf\xc2\xd7\xfb\xc1\xa4\x9e3_R\xcf\x99[J\xd7\xa4\
N\xc1\x1c\xbe\x09\xa9\xc3\x91\xf6)H\xea9\xb3$\xf5\
\x9c\xb9\xa5tM\xea\x14\xcc\xe1\x9b\x90:\x1ci\x9f\x82\
\xa4\x9e3KR\xcf\x99[J\xd7\xa4N\xc1\x1c\xbe\x09\
\xa9\xc3\x91\xf6)H\xea9\xb3$\xf5\x9c\xb9\xa5tM\
\xea\x14\xcc\xe1\x9b\x90:\x1ci\x9f\x82\xa4\x9e3KR\
\xcf\x99[J\xd7\xa4N\xc1\x1c\xbeI\x8a\xd4\xe1]+\
x\x1a\x01\xdf\xfb}\x1a\xfa\xe1\x8dI=\x8c\xca\xc2{\
\x02\xa4\xae\x7f\x0eH]?\xa3R\x1d\x92\xbaT\x1c\x9b\
\xcd\x90\xba~F\xa5:$u\xa98H]?\x8e\xfa\
\x1d\x92\xba~F\xe17u\xfd\x91u\x88@o\x02\xa4\
\xee\x9d\xaf\xe9\x16$@\xea\x05C7ro\x02\xa4\xee\
\x9d\xaf\xe9\x16$@\xea\x05C7ro\x02\xa4\xee\x9d\
\xaf\xe9\x16$@\xea\x05C7ro\x02\xa4\xee\x9d\xaf\
\xe9\x16$@\xea\x05C7ro\x02\xa4\xee\x9d\xaf\xe9\
\x16$@\xea\x05C7ro\x02\xa4\xee\x9d\xaf\xe9\x16\
$@\xea\x05C7ro\x02\xa4\xee\x9d\xaf\xe9\x16$\
@\xea\x05C7ro\x02\xe1Ro\x15\xec\x8dp\xad\
\xe9\xbc\x9f\xba~\xde\xa4\xae\x9fQ\xa9\x0eI]*\x8e\
\xcdfH]?\xa3R\x1d\x92\xbaT\x1c\xa4\xae\x1fG\
\xfd\x0eI]?#7u\xfd\x8cJuH\xeaRq\
\x9cwS;\x08\xf5\x0f\xc2V\x87~BG\x9f\xdcn\
.\xb7O\xee\x1e\x8e3*\xa6\x830\xe7A u\xef\
\xdcH\xdd'\xdf\xab&\xf1\x17\xf4U\xf8N{p\xca\
s\xea\xd1[\xfe4\x0a6\x1e~n&\xcb\xfa\x87\x85\
\xd4\xf53:\xadC7\xf5i\xe8\xaf\xda\x98\xd4W\xe1\
\xeb\xfd`R\xcf\x99/\xa9\xe7\xcc-\xa5kR\xa7`\
\x0e\xdf\x84\xd4\xe1H\xfb\x14$\xf5\x9cY\x92z\xce\xdc\
R\xba&u\x0a\xe6\xf0MH\x1d\x8e\xb4OAR\xcf\
\x99%\xa9\xe7\xcc-\xa5kR\xa7`\x0e\xdf\x84\xd4\xe1\
H\xfb\x14$\xf5\x9cY\x92z\xce\xdcR\xba&u\x0a\
\xe6\xf0MH\x1d\x8e\xb4OAR\xcf\x99%\xa9\xe7\xcc\
-\xa5kR\xa7`\x0e\xdf$E\xea\xf0\xae\x15<\x8d\
\x80\xef\xfd>\x0d\xfd\xf0\xc6\xa4\x1eFe\xe1=\x01R\
\xd7?\x07\xa4\xae\x9fQ\xa9\x0eI]*\x8e\xcdfH\
]?\xa3R\x1d\x92\xbaT\x1c\xa4\xae\x1fG\xfd\x0eI\
]?\xa3\xf0\x9b\xba\xfe\xc8:D\xa07\x01R\xf7\xce\
\xd7t\x0b\x12 \xf5\x82\xa1\x1b\xb97\x01R\xf7\xce\xd7\
t\x0b\x12 \xf5\x82\xa1\x1b\xb97\x81p\xa9\xb7\x0a\xf6\
F\xb8\xd6t^\xfd\xae\x9f7\xa9\xebgT\xaaCR\
\x97\x8a\xc3\xd7\xa9\xeb\xc7Q\xbfCR\xd7\xcf\xc8M]\
?\xa3R\x1d\x92\xbaT\x1cn\xea\xfaq\xd4\xef\x90\xd4\
\xf53J\xb9\xa9\x1d\x84\xfa\x07a\xabC\xef\xa7\xee\x93\
\x9b\x1f\x907g\x96\xe1]\x93:\x1ciJA7u\
\x0a\xe697!u\x9f\xdc\xdc\xd4sf\x19\xde5\xa9\
\xc3\x91\xa6\x14tS\xa7`\x9es\x13R\xf7\xc9\xcdM\
=g\x96\xe1]\x93:\x1ciJA7u\x0a\xe69\
7!u\x9f\xdc\xdc\xd4sf\x19\xde5\xa9\xc3\x91\xa6\
\x14tS\xa7`\x9es\x13R\xf7\xc9\xcdM=g\x96\
\xe1]\x93:\x1ciJA7u\x0a\xe697!u\
\x9f\xdc\xdc\xd4sf\x19\xde5\xa9\xc3\x91\xa6\x14tS\
\xa7`\x9es\x13R\xf7\xc9\xcdM=g\x96\xe1]\x93\
:\x1ciJA7u\x0a\xe697!u\x9f\xdc\xc2\
o\xea9\xd1\xe8z\x8b\x80\xb7\xd1\xd6?\x17)7u\
}\x0c:\x1c%@\xeaQR\xe7\xad#\xf5y\xec\xa7\
\xdc\x99\xd4\xf5c#u\xfd\x8cJuH\xeaRql\
6C\xea\xfa\x19\x95\xea\x90\xd4\xa5\xe2\xc8\x91\xba\xfe\xc8\
:D\xa07\x81\xf0\x9b\xba7.\xd3!P\x9f\x00\xa9\
\xebg\xa4C\x04v\x11 \xf5.\x5c\x16#P\x9f\x00\
\xa9\xebg\xa4C\x04v\x11 \xf5.\x5c\x16G\x10\xf8\
\xed\x9f\xfes\xf9\xc1\xaf\xffy\xf9\xe5\xef\xfeu\xf9\xe3\
\xdf\xee\x22JN]\xe3S\x1f\xbd\xb9|\xf9\xb3\x1f\xba\
|\xe7\x0b\xaf_>\xf7\xc9\x0f\x5c=\x0b\xa9\xafF\xa8\
\xc0\x1e\x02?{\xf7\xfd\xcb\xd7\x7f\xfe\xde\x9e\x87,\xb5\
\xf6\xa7_}\xe3\xf2\xb57_\xbbjfR_\x85\xcf\
\x83\xf7\x10\xb8\xbf\xa1\xdf\xfc\xe1_\xf7<d\xc9\xb5\xef\
~\xfbcW\xdd\xd8\xa4^\xf2\xd8\x9c3\xf4\xb7~\xf1\
\xde\xe5\xc7\xbfy\xff\x9c\xcd'\xda\xf5\x9b\x9f\x7f\xed\xf2\
\xa3\xaf\xbc\xf1\xca\x1d\x93\xfa\x95\xd1y\xe0^\x02\x9f\xfe\
\xfe_<\x87\x1e\x80v\xff\x1c\xfb\x0f\xdf\xfd\xf8\xc0\xca\
\xed%\xa4~et\x1e\xb8\x97\xc0\xd6a\xdb[c\x95\
\xf5\xd7|;.\xa9W9%\x05\xe6$\xf5x\x08\xa4\
\x1ege\xe5\x89\x04H=\x0e\x9f\xd4\xe3\xac\xac<\x91\
\x00\xa9\xc7\xe1\x93z\x9c\x95\x95'\x12 \xf58|R\
\x8f\xb3\xb2\xf2D\x02\xa4\x1e\x87O\xeaqVV\x9eH\
\x80\xd4\xe3\xf0I=\xce\xca\xca\x13\x09\x90z\x1c>\xa9\
\xc7YYy\x22\x01R\x8f\xc3'\xf58++O$\
@\xeaq\xf8\xa4\x1ege\xe5\x89\x04H=\x0e\x9f\xd4\
\xe3\xac\xac<\x91\x00\xa9\xc7\xe1\x93z\x9c\x95\x95'\x12\
 \xf58|R\x8f\xb3\xb2\xf2D\x02\xa4\x1e\x87O\xea\
qVV\x9eH\x80\xd4\xe3\xf0I=\xce\xca\xca\x13\x09\
x?\xf5\x18|\xef\xa7\x1e\xe3dU\x01\x02>\xf9d\
,\x04\x9f|2\xc6\xc9\xaa\x02\x04|F\xd9X\x08>\
\xa3l\x8c\x93UE\x08\xf84\xd1\xc7\x83\xf0i\xa2E\
\x0e\xaa6\xf6\x11\xf0\xb9\xdf\xff\xcf\xcb\xe7~\xef;?\
V#\xb0\x1c\x01\x9fQ\xb6\x5c\xe4\x06\xeeN\x80\xd4\xdd\
\x136\xdfr\x04H\xbd\x5c\xe4\x06\xeeN\x80\xd4\xdd\x13\
6\xdfr\x04H\xbd\x5c\xe4\x06\xeeN\x80\xd4\xdd\x136\
\xdfr\x04H\xbd\x5c\xe4\x06\xeeN\x80\xd4\xdd\x136\xdf\
r\x04H\xbd\x5c\xe4\x06\xeeN\x80\xd4\xdd\x136\xdfr\
\x04H\xbd\x5c\xe4\x06\xeeN\x80\xd4\xdd\x136\xdfr\x04\
H\xbd\x5c\xe4\x06\xeeN\x80\xd4\xdd\x136\xdfr\x04\x86\
\xa5^\x8e\x8c\x81\x11hD\xe0\xe6r\xfb\xe4\xae\xd1<\
FA`y\x02\xa4^\xfe\x08\x00\xd0\x8d\x00\xa9\xbb%\
j\x9e\xe5\x09\x90z\xf9#\x00@7\x02\xff\x05\xb3~\
Uz{\xb0\xd1\x01\x00\x00\x00\x00IEND\xaeB\
`\x82\
\x00\x00\x17\xed\
\x89\
PNG\x0d\x0a\x1a\x0a\x00\x00\x00\x0dIHDR\x00\
\x00\x00\xd8\x00\x00\x00\x92\x08\x06\x00\x00\x00'\xe3\x04\xe7\
\x00\x00\x00\x01sRGB\x00\xae\xce\x1c\xe9\x00\x00\x04\
\x84tEXtmxfile\x00%3Cm\
xfile%20host%3D%\
22app.diagrams.n\
et%22%20modified\
%3D%222022-10-05\
T06%3A55%3A38.08\
1Z%22%20agent%3D\
%225.0%20(Window\
s%20NT%2010.0%3B\
%20Win64%3B%20x6\
4)%20AppleWebKit\
%2F537.36%20(KHT\
ML%2C%20like%20G\
ecko)%20Chrome%2\
F105.0.0.0%20Saf\
ari%2F537.36%20E\
dg%2F105.0.1343.\
53%22%20etag%3D%\
22FzrA8uOz94Igvr\
_qf1a6%22%20vers\
ion%3D%2220.4.0%\
22%20type%3D%22d\
evice%22%3E%3Cdi\
agram%20id%3D%22\
uzbTDIeKd6uhhh1k\
yxa7%22%20name%3\
D%22Page-1%22%3E\
rVXfb5swEP5reOxk\
47RpHxvadJs0aVMm\
7dkFB9wa7BlnkPz1\
O8c24IZoiTReuPvu\
J9%2F5TEKyun%2FR\
VFXfZMFEkqKiT8hT\
kqZ4kWJ4WWTvkOXD\
wgGl5oV3GoENPzAP\
Io%2FueMHayNFIKQ\
xXMZjLpmG5iTCqte\
xit60UcVVFS3YCbH\
IqTtFfvDCVQ%2B9v\
0Yh%2FZrysQmWMvK\
WmwdkDbUUL2U0g8p\
yQTEtpnFT3GROWvM\
CLi1ufsQ6NadaYSw\
JW9b7qf6B88%2FY1\
%2B%2FnyeHg61F9u\
Qpo%2FVOz8F%2Ftu\
zT5QAGmAbVBWXcUN\
2yiaW0sHAwesMrUA\
DYNIW%2BVGsOU9g6\
qr1mj5zjIppD6mIu\
s1gmewBEZvAdnKxv\
jx46XVuRBzkb5fpg\
3rzzKBB37hYDJZM6\
P34OIDyMKPxJ%2FJ\
RZhZN044uFST4QaM\
%2BjNVDplH2kHwzF\
8xBfwwM4U7YTwt0T\
jufu%2FsiVlFUunf\
x5DXK%2F3PlrCGm%\
2FY4k0dwSLHqZxNB\
98gSkFoevQQkT1FX\
CVRXLG4A4NfLPuJD\
R3h5pqMhi76k1klb\
HxYANldZEW4FIXfm\
34ugmOZwMpgeg76P\
0OlaIDS7FrNrYB%2\
Fr6VaF2CglW264bE\
BHn3A6QVIL%2Fael\
uY%2BXhswsDV7ObM\
1wI16xNqCOF%2BPR\
Nvm9kOe%2F%3C%2F\
diagram%3E%3C%2F\
mxfile%3E\x0c\xf5,F\x00\x00\x13\
\x17IDATx^\xed\x9d\x0b\x94M\xd5\x1f\xc7\x7f\
\x83\xf4\xa02I\x22\x92\xa8\xd1R\x89\x99J\xaa!\xfe\
$\x09Y\x1a\x95\x19\xaf\x12y\xe4\xd1\xc3+\xefb\x88\
\x14\xa9\xe8A\xa1\x87\xf1O\xcf\x7f)\x95\x90RH\xb4\
\x8a\xa8D\xd1\x9f\xfa\xcfRR(\xf7\xbf\xbe{\xe6\xe8\
\xcc\x9ds\xce\xdd\xe7\xde{\xee\xb9\x8f\xef^\xcb\xaa5\
w??g\x7f\xcf\xde\xfb\xb7\x7fg\xef\xb4@ \x10\
\x908\x0diiiqZ3V\x8b\x04\xf4\x08\xa4Q\
`z\xa0\x18\x8b\x04\xc2!@\x81\x85C\x8diH@\
\x93\x00\x05\xa6\x09\x8a\xd1H \x1c\x02\x14X8\xd4\x98\
\x86\x044\x09P`\x9a\xa0\x18\x8d\x04\xc2!@\x81\x85\
C\x8diH@\x93@\xc2\x0a,\x8ew\x174\xd13\
Z\xb2\x10p\xdaN\xa2\xc0\x92\xe5)\xb3\x1d\xbe\x11\xa0\
\xc0|C\xcf\x82S\x81\x00\x05\x96\x0aO\x99m\xf4\x8d\
\x00\x05\xe6\x1bz\x16\x9c\x0a\x04(\xb0Tx\xcal\xa3\
o\x04(0\xdf\xd0\xb3\xe0T @\x81\xa5\xc2Sf\
\x1b}#@\x81\xf9\x86\x9e\x05\xa7\x02\x01\x0a,\x15\x9e\
2\xdb\xe8\x1b\x01\x0a\xcc7\xf4,8\x15\x08P`\xa9\
\xf0\x94\xd9F\xdf\x08P`\xbe\xa1g\xc1\xa9@\x80\x02\
K\x85\xa7\xcc6\xfaF\x80\x02\xf3\x0d=\x0bN\x05\x02\
\x14X*<e\xb6\xd17\x02\x14\x98o\xe8Yp*\
\x10\xa0\xc0R\xe1)\xb3\x8d\xbe\x11\xa0\xc0|C\xcf\x82\
S\x81\x00\x05\x96\x0aO\x99m\xf4\x8d\x00\x05\xe6\x1bz\
\x16\x9c\x0a\x04(\xb0Tx\xcal\xa3o\x04(0\xdf\
\xd0\xb3\xe0T @\x81\xa5\xc2Sf\x1b}#@\x81\
\xb9@\xbfs\xe7Ny\xe8\xa1\x87\xe4\x8d7\xde\x90-\
[\xb6H\x8b\x16-\xe4\xf6\xdbo\x97\xb6m\xdb\xca\xb1\
\xc7\x1e\xab\x9d\xd3\xf7\xdf\x7f/7\xdf|\xb3\xa4\xa7\xa7\
\xcb\xfc\xf9\xf3\xd5\x7f\xed\xc2_\x7f\xfd%\xaf\xbe\xfa\xaa\
<\xfa\xe8\xa3\xf2\xee\xbb\xefJ\xadZ\xb5\xa4c\xc7\x8e\
r\xc7\x1dw\xc8Yg\x9d\xa5]\xe6\xbe}\xfb\xe4\xd6\
[o\x95\xef\xbe\xfbN^x\xe1\x05\xa9[\xb7\xaem\
\xda\x1d;v\xc8\xb3\xcf>+/\xbd\xf4\x92|\xf6\xd9\
gr\xca)\xa7\x1cmk\xd3\xa6M\xa5L\x992%\
\xd2\xee\xdd\xbbW\x9ez\xea)\x997o\x9e\xe2\xd2\xb0\
aC\xe9\xd6\xad\x9b*\xafB\x85\x0a\x8eu\xfc\xf1\xc7\
\x1f%//O\xde\x7f\xff}\xe9\xdd\xbb\xb7L\x9f>\
]\x8e?\xfex\xadv\x81K\xfb\xf6\xede\xe2\xc4\x89\
2|\xf8p\xc74xv\xc8\x1bm\x02\xffp\x9f\x9d\
V\xc5L\x91(0Mb_}\xf5\x95\xf4\xe8\xd1C\
\xd6\xacYS*E\xdf\xbe}e\xca\x94)!;\x93\
\x91\xf0\xc3\x0f?\x94k\xae\xb9F\xfa\xf7\xef/\x13&\
L\x90\xb2e\xcbZ\xd6\x02\xe2\x9a6m\x9a\x0c\x1b6\
\xac\xd4\xef\x97^z\xa9\xcc\x9d;W\xce;\xef<\xad\
\x16\xa0\xe3w\xee\xdcY.\xbc\xf0B\x995k\x96\x9c\
x\xe2\x89\x96\xe9P\xb7[n\xb9E\x09%8 \xcd\
\xa8Q\xa3d\xf0\xe0\xc1R\xae\x5c9\xf5\xb3\x13\x17\x94\
7s\xe6L\xa9R\xa5\x8am\xfb\xf2\xf3\xf3U\x9e\x08\
n\x04\x86\xc3e\xef\xbf\xff~\x95\xf6\xed\xb7\xdf\x96\x96\
-[\xdarp\xaa#\xca\xbf\xf3\xce;\x8f\xb6G\x0b\
\xa6\x8bH\x14\x98\x06\xac_\x7f\xfdU\x06\x0c\x18\xa0\xde\
\xea\xe8\xd8O>\xf9\xa4\x9cs\xce9\xf2\xe0\x83\x0f\xca\
\x88\x11#T\x0es\xe6\xccQol\x9d\x8b\x01g\xcf\
\x9e-}\xfa\xf4\x91\x05\x0b\x16H\x97.]lk\xb0\
v\xedZ\xe9\xd4\xa9\x93z\xe3\xe2-=d\xc8\x10\xd9\
\xbau\xab*\x07Bw\xd3!\xdfy\xe7\x1di\xd5\xaa\
\x95\x12\xf4\xc8\x91#-\xeb\xf9\xfb\xef\xbf+\xd1c$\
\xc2H\x09!\xe2E\x80\xd1\x0fi\x1e{\xec1\xf5\xf7\
\xc5\x8b\x17KVV\x96\xfc\xfd\xf7\xdf2n\xdc8\x95\
g\x83\x06\x0d\x04\xed\xc2\xdf\xd1\xae\xee\xdd\xbb\xabv\x81\
\x15\x04k\x15>\xf8\xe0\x035\xd2\xa1}n\x05\xf6\xdb\
o\xbfI\xbf~\xfdd\xe3\xc6\x8d\xf2\xe2\x8b/JF\
F\x86e\x19\x07\x0f\x1eTu\xc7\x8b\xca\xea\xd9U\xab\
VM\x8d\xe8\xd9\xd9\xd9\x1a=\xc1}\x14\x0aL\x83\xd9\
\xbau\xeb\xe4\xba\xeb\xae\x93\xdd\xbbw+Q\xe1\x0d\x8e\
\xf0\xf3\xcf?\xab\xe9\xcd[o\xbd%\xad[\xb7V\xd3\
\xbdSO=\xd51\xc7?\xff\xfcS\xbd1\x97,Y\
\x22\xaf\xbd\xf6\x9adffZ\xc6\xc7\x1b\x1aS\x1a\xc4\
E\xe75w\x22\xfc\x1db\xc3\xe8UPP \xf5\xeb\
\xd7\x0f\xd9\x8aI\x93&\xa9\x97\xc1+\xaf\xbc\x22\xed\xda\
\xb5\xb3\x8c\xbf}\xfbv5\xd5\xc2\xe8\x85z=\xfc\xf0\
\xc3r\xc2\x09'\xa8\xb8\x18\xd9\xae\xb8\xe2\x0a\xf5\xff\x06\
\x83\xfd\xfb\xf7\xcb\xe3\x8f?.\xcb\x96-S\xc2\x82\xd8\
0\x1a\x1b\xa3\xe5\xe7\x9f\x7fn\xfb\x12\xc0\xb4\x12/\x08\
p0\x82\x9b\x17\xc6\xb6m\xdb\xe4\xc6\x1bo\x94\xda\xb5\
k+\x11\x9f|\xf2\xc9\x96m\xc2\x94\xf8\xa6\x9bnR\
/$\xf3\xcb\xc5\x98\xa6\xaf^\xbdZ\x8d\x82c\xc6\x8c\
\xb1\x9dI\x84\x84\xeb\x10\x81\x02\xd3\xa0\x87\xce\x8d\x87\x89\
`\x1eu\x0e\x1d:\xa4\xa6o\xe8\xf0x\x13:\x09\xc6\
(f\xd7\xae]j\xd4\xc2\x14\xeb\xb9\xe7\x9e\xb3\x9d>\
\x19oh\x88\xf6\xdak\xaf-\xb1V[\xb1b\x85`\
-\x84\xe0$\x18\xa3L#\xaf\x0d\x1b6\xc8\xa2E\x8b\
\xa4^\xbdz\x1a\xad.\x19\xc5,\xb0\xf1\xe3\xc7\x1f\x9d\
\xd6Ye\xb4y\xf3f\xc9\xc9\xc9\x91M\x9b6\xa9\x97\
\x11\xa6a\xe5\xcb\x97?\x1a\x15/\x8f\x193f\xc8\xa0\
A\x83J$w#0cD\x860\xf0\xcf\xae#\x1b\
\xf1P\x10F*L[\x11\x0e\x1c8 \x03\x07\x0eT\
\xe2\xc4,\xc1I\xa4\xaea\x99\x12P`\x1a\xf4\x16.\
\x5c(\xb9\xb9\xb9\xa5\x04\x86\x8e\x82\xb76\xfe\xe9vv\
c4\x84`\x83;\x9e\xb9*\xbf\xfc\xf2\x8b\x12\xe2\xd2\
\xa5KK\x8d\x02V\xa3\x89S3\x8c\xb7u\xf5\xea\xd5\
\xc3\xeaH\x98\x0ab\x8diL\x871jA\x0cV\x01\
\xd3i\x8cp`\x82\xe9$\xd8]~\xf9\xe5%\xa2b\
Z\x87\xf6\xff\xf0\xc3\x0fJ\x1cx\x898\x8dvV\xe5\
\x18\xa3x\xa8\x17\x8c\xf9\xd9\xadZ\xb5\xeah]\xfe\xf8\
\xe3\x0f%~Lk\x9b4i\xa2^v\xa8o\xb4\x03\
\x05\xa6A\xf4\xe3\x8f?V\xeb\x17\x8c\x04\xe6i\x86y\
\x94\x09\x1e\xdd\xec\xb2\xc5:\x0e\xeb\x0e\xa7N\x8a\xb4\xc6\
\x14\x08\x82\x0c~\xb3\xbb\x19M\x90\x971\xe2a\xfa\xe7\
dT\xb1\xaa3^\x22\xb0\xf0\xf5\xec\xd9S\xad\x950\
R\xbf\xfc\xf2\xcbr\xc9%\x97\x94\x8an\x1eY\xb1&\
\x82\xc5\xf5\xea\xab\xaf.1\xba\x98\xd7\xb3\x98\xfev\xed\
\xdaU\xfds#0c\xf4\xc1\x1a\x0e\xebA\x18n\xec\
\x8215\xc6\xefv\x02\x0b\x9e\x82kt\x09\xed(\x14\
\x98\x06\xaa\xc2\xc2B\xb5P\xc7z\x01\x0beX\xc6\x1a\
5j$\xcf?\xff\xbc\xc0\x82\x08\xa1\xe9\x08\xcc\x98R\
b:\x02\xcbW\xe3\xc6\x8dmKwZ\xc7\xb8\x15\x98\
\xf1\xb67O\x914\x9a-\xc1\xe2B\x1a\x88\x02\xd6;\
\xabm\x09\xf3h\x01\xd3>\xa6\x89\x18\xa1N?\xfdt\
U\x1c\xf2C\x1c\xac[1\xaaa\xba\x0d#\x04\xa6m\
n\x04\xe6f\x9b\x03/\x94\xd1\xa3G\xab\xf2)0\x9d\
\xa7^\x1c\xc7\xe9\xcd\xe0\xc5\xfd`\xc1\x16/\xa3\xaax\
\xa3\xc3\xf8\xa1#0\xc3(\x02C\x07:\x1a\xa6lv\
!Z#\x981\x15z\xef\xbd\xf7B\xbe\xed\xcdu\x01\
C\x18o\xb0\xcfgX\xf9\x0cQ\xd8\xed\xbf\xa1]X\
k}\xf1\xc5\x17r\xdbm\xb7)\xc3\xc2\xf5\xd7_\xaf\
\xa6a0\xd5\xc3\x02\x0aq}\xf9\xe5\x97\xca\xea\x8ai\
\xa2\x8eA$\x98\x91\xee6\x07\xd2q\x04s!*s\
\xd4X\x0b\x0cec\xd1\x8e\xd1\x00\xf3~t\x18\x8c^\
\xd8\x14EgB\x08\xb5\x1f\x83\xb5\x07\x16\xd4\xcd\x9b7\
\x0f\xb9\xa1\x1a\xad5\x98aT9\xee\xb8\xe3\xb4\xac\x9c\
\xc6H\x13,.\xb7\xfbn\xc6V\x84\xc1\x05\x16\xc8{\
\xee\xb9G\x1ey\xe4\x11\xc5\xcd\xd87\x0cG`\xba\xdb\
\x1c(\x9bk\xb0\x04\x12\x98UU\x8d)\x08\xf6\xc5B\
\xad\x07\x0ck\xa4\xd9\xd4o\xd7|'+\xa2\xd92\x16\
j\x91o\xac\x1f\xb1w\xe6dT1\xd7#x\xb4\xc6\
\xc8\x05O\x0d\xbb\xbd&\xab6\x04\x1b\x86`\xc67\xa6\
\x82\xa1\x1e\xb9\x93\x95Rw\x9b\xc3(\xc3\xce\x8ah\xe6\
K+\xa2\xc5\x13\x89\xe5\x08\xb6g\xcf\x1e\x99:u\xaa\
`\xe3\xf7\xdcs\xcfUV2\xec\x0f\xb9yH\xb0\xc4\
a\xbf\x05S\x16t\xe0P\x1b\x9bfO\x85H\xf6\xc1\
\x8c\xb7\xfd3\xcf<\xa3\x8c\x09\xa1\x821\x8d3<V\
\x9c\xc4\x85\xa9 6q\xc1\xe7\xaa\xab\xae*a@\x09\
\x1e\xc1\xce<\xf3\xcc\xa8\x08Lw\x9b\xc3h\xa7y\x84\
\xe4>X\xa8\xa7o\xfa=\x96\x02\x0b\xf6px\xfa\xe9\
\xa7\xe5\xca+\xafTF\x0ex>@h\xa1\xbc2\x0c\
_@t\x10]\x93\xf0'\x9f|\x22\x1d:tPk\
<\xc3\x93\x03\xeb!\x8cF+W\xaeT\xfe\x88\x98j\
\xd9\xf9A\x1aF\x15\x187t\xf6\xe8\xe0\x9a\x05\xa3\x04\
\xcaB\x80\xb0\xd1F;w,\x08\xabW\xaf^\xcaW\
\x12&n\x18o \xb4\xf5\xeb\xd7+\xcf\x17\x88\x14\x9b\
\xdaO<\xf1\x84\x9cv\xdai\x96O\xd7\xed\x14Qw\
\x9b\xc3(\x0cF\x14LM\xb1\xeff\xf6\xe4\x80\x15\x17\
\xfbpNVQ\x17\xdd\xd16*\xad\x88\x9a\x14\xed\x8c\
\x1cH>v\xecX\xf5\x10\x9d\x9cT\x8d\xcd\xd7\x8b.\
\xba\xc8\xd1\x17\xd0\x5c\x9dH}\x11\xe1-\x01\xa7b\xe4\
\x13\xca\xa8\x82r\xcd\x9d\xdd\x09\x8by\x0a\x07\xd3<\xd6\
\xa0V\xbe\x8b\xe8\xd0p\xb7\xb2\xf3V\x09.Sg\xa3\
Yw\x9b\xc3\x5c\x7f\xfa\x22jvrs\xb4X\x8e`\
\xc6\xc2\x1fF\x0a\xb8\x0fa\xdds\xf8\xf0a\xe5\x91\x8d\
Q\xc4\xca\xc3<\xb8In<\xbf\xcdi\x8f\x1c9\x22\
\xb0\x00b\xfd\xe4\xd6\x9b\xdex\xdb\xc3\x92\x07_<\x18\
:\x9c\x82Q\xc7P\x8f#x\x8d\x04\x17+l]\x18\
_\x19`\xad\x06_Dlm\xd89\xfaZM\xe1B\
\x09\xcc\xcd6Gp\x1b\xf0\xb2\xc1\xb3\xc3L\x83\xde\xf4\
\xa1\x9e\xb0\x88\xa3S\xad\x17fz\x8d*1\x0a\x09\x94\
\x22\xc0)\x22;\x05\x09xH\x80\x02\xf3\x10.\xb3&\
\x01\x0a\x8c}\x80\x04<$@\x81y\x08\x97Y\x93\x00\
\x05\xc6>@\x02\x1e\x12\xa0\xc0<\x84\xcb\xacI\x80\x02\
c\x1f \x01\x0f\x09P`\x1e\xc2e\xd6$@\x81\xb1\
\x0f\x90\x80\x87\x04(0\x0f\xe12k\x12\xa0\xc0\xd8\x07\
H\xc0C\x02\x14\x98\x87p\x995\x09P`\xec\x03$\
\xe0!\x01\x0a\xccC\xb8\xcc\x9a\x04(0\xf6\x01\x12\xf0\
\x90\x00\x05\xe6!\x5cfM\x02\x14\x18\xfb\x00\x09xH\
\x80\x02\xf3\x10.\xb3&\x01\x0a\x8c}\x80\x04<$@\
\x81y\x08\x97Y\x93\x00\x05\xc6>@\x02\x1e\x12\xa0\xc0\
<\x84\xcb\xacI\x80\x02c\x1f \x01\x0f\x09$\xa5\xc0\
<\xe4\xa5.\xb3\xc3\xb1\xd9:\x01w^\xdd}\xf7\xdd\
\x82\x0b\x08\x18H \x98@Z \x8eO\xf0tz3\
x\xf5(q\xf1\x9cq\x8dj\xa82p\xd9\x02\x8e\xd3\
\xc6\xf9\xed\x0c$`E\x80\x023Qi\xdd\xba\xb5\xbc\
\xf9\xe6\x9b!{\x0a\xce\x81\x87\xb0p\x8f\x18\x03\x098\
\x11\xa0\xc0\x8a\xe9\xe0\xd6F\xdc\xb3\xd5\xb0aC\xc7\x1e\
\x83\xeb\x8d .\xdci\xcc@\x02\xa1\x08P`\xc5\x84\
pi\x00.yp\x0a\xb8\xa0\x0e\xf7\x17\xe3\x9a\x22\x06\
\x12\xd0!@\x81\x89\xa8+_\x0b\x0a\x0aly\xe1\xc6\
E\x182p5*\x03\x09\xb8!\x90\xf2\x02\xabP\xa1\
\x82\xbaL\x0e\xb7ZZ\x05L\x1b\xef\xba\xeb.\xc1\xa5\
\xdc\x0c$\xe0\x96@\x5c\x0b\xccmc\x82\xe3o\xd8\xb0\
A\x9a5k\xe68\xa5\xc3\x8d\x8d\xb8\xe3\xca*\xe0\x8a\
\xd4\x81\x03\x07\x0anP\x0c\x15*V\xac(\x0f<\xf0\
\x80\xf4\xe9\xd3'TT\xfe\x9eB\x04\x92Z`\xed\xdb\
\xb7WW\x9f\xda\x05\xdc\x0c\x89[!\x83\xc3\xfe\xfd\xfb\
\xd5\xa8\x05\x81\xe9\x04\xdcq\x0cq]v\xd9e:\xd1\
\x19'\x85\x08$\xad\xc0p\x899\x0c\x12v!==\
]p\xc1w\xf5\xea\xd5KDY\xb5j\x95\xba\xd7\x17\
7G\xea\x84\xbe}\xfb*q\xe1\xc2t\x06\x12\x08&\
\x90\x94\x02\x8380\xaa8M\xedpix\xe7\xce\x9d\
K\xf0\x80\x11\x03\x17{\xeb\x84J\x95*\xc9\xe4\xc9\x93\
\xd5\xdd\xc5\x0c$`G )\x05\xd6\xb6m[u\x97\
\xb0]\xc0\xdd\xc2s\xe7\xce=\xfasaa\xa1\x0c\x1e\
<X\xe0\x99\xa1\x13\xb2\xb3\xb3e\xca\x94)\xeaF{\
\x06\x12p\x22\x90t\x02C\xc7\x1f:t\xa8m\x9b\xab\
V\xad*_\x7f\xfd\xb5\x9ct\xd2I*\xce\xf2\xe5\xcb\
\xd5\xa8\x85\xe9\xa2N@\x5c\x94\x11\xea\xb2q\x9d\xbc\x18\
'\xf9\x09$\x95\xc0\xd6\xacY#\x8d\x1b7v|j\
K\x96,\x91\x0e\x1d:\xa88S\xa7NU\xfb[:\
\xa1r\xe5\xcajJhgq\xd4\xc9\x83qR\x8f@\
R\x09\x0c\xbe\x84K\x97.\xb5}\x8a\xbdz\xf5\x929\
s\xe6\xc8\xde\xbd{\x95\xd7\x06\xd6a:\x01\xa6~\x18\
2\xb2\xb2\xb2t\xa23\x0e\x09\x1c%\x904\x02\x9b4\
i\x92\xa3\x17|\x8d\x1a5d\xfb\xf6\xed\xea\xb3\x12\x88\
k\xeb\xd6\xadZ\xdd\x00\xfb`\x10\xd71\xc7\x1c\xa3\x15\
\x9f\x91H\xc0L )\x04\xb6z\xf5je5t\x0a\
\xaf\xbf\xfe\xba`\xe3\xf9\xde{\xef\xd5\xea\x01X\xabA\
\xb4=z\xf4\xd0\x8a\xcfH$`E )\x04\xd6\xb2\
eKY\xb6l\x99\xed\x13\xee\xd7\xaf\x9f\xec\xda\xb5K\
\xb0\xfe\xd2\x09-Z\xb4P\x86\x8cF\x8d\x1a\xe9Dg\
\x1c\x12\xb0%\x90\xf0\x02\xbb\xef\xbe\xfbd\xd4\xa8Q\xb6\
\x0d<\xfb\xec\xb3\xe5\xf0\xe1\xc3\xb2s\xe7N\xadn0\
d\xc8\x10%\xae\xb2e\xcbj\xc5g$\x12p\x22\x90\
\xd0\x02[\xb9r\xa5`O*\x1a\xe1\x8c3\xce\x90\x89\
\x13'J\xd7\xae]\xa3\x91\x1d\xf3 \x01E \xa1\x05\
\x86u\x17\xd6_\x91\x86V\xadZ\xa9Q\xabA\x83\x06\
\x91f\xc5\xf4$P\x82@\xc2\x0al\xdc\xb8q2v\
\xec\xd8\x88\x1f'\x9cza%d \x01/\x08$\xa4\
\xc0\xf0\xb9~\xf3\xe6\xcd#\xe2Q\xabV-\xc1\xfa-\
777\xa2|\x98\x98\x04\x92j\x0dv\xe4\xc8\x11u\
n\xc6\xc6\x8d\x1b\xc3~\xb2m\xda\xb4\x91\xfc\xfc|\xb9\
\xe0\x82\x0b\xc2\xce\x83\x09I@\x87@\xc2\x8d`\xb0\x18\
b\xe4\x097\xe0\xc0\x1a\xb8<1\x90@,\x08$\x94\
\xc0\xb0\xd7\x85=\xafpB\x9d:ud\xfc\xf8\xf1\x82\
\x8f,\x19H V\x04\x12F`\xd8\xcb\xaaW\xaf\x9e\
|\xfb\xed\xb7\xae\xd9\xb4k\xd7N\x99\xe0\xeb\xd7\xaf\xef\
:-\x13\x90@$\x04\x12F`8m\x17\xaeKn\
\xc3\xf0\xe1\xc3\x95\xb8\x18H\xc0\x0f\x02\x09!0x\xc8\
\xc3S\xdeM\xc8\xc8\xc8\x10\x98\xf2\x83\xbfZv\x93\x07\
\xe3\x92@\xa4\x04\xe2^`8\x93\x10&u7\xe7\xbf\
w\xec\xd8Qp\xc6<\xa6\x94\x0c$\xe0'\x81\xb8\x17\
\x18>-\x999s\xa66#X\x19a\xcc` \x81\
x \x10\xb9\xc0\xd6\xaf\x17Y\xb1B\x04\xa70m\xde\
,\x02\xa7\xda\xc2B\x91C\x87D\xca\x97\x17IO\x17\
\xa9YS\x04\xa3If\xa6\x08|\x075\xbd\xd4q\xae\
\x06\xce\xd7\xd0\x090`\x8c\x193Fn\xb8\xe1\x06\x9d\
\xe8\x8cC\x021!\x10\x9e\xc0\xb6l\x11\xc1\x011\x8b\
\x16\x89|\xf3\x8d\xfb\x8a\xd6\xa9#\x92\x93#\xd2\xad\x9b\
HF\x86ez\x9cM\x88o\xb2\x0e\x1c8\x102\xff\
\x9c\x9c\x1c\x990a\x82\xed\xe9\xbc!3`\x04\x12\xf0\
\x88\x80;\x81\xe1`\x18l\xd2.X\x10\xbd\xea\xc0U\
\x09\x87\xd4\x9c\x7f~\x89<{\xf6\xecY\xe2\xe4'\xab\
\x02\xcb\x95+\xa7>\xa0\xc4\xc8\xc5@\x02\xf1H@_\
`\xc3\x87\x8b\xe4\xe7{\xd7\x86a\xc3D\x8a\xcd\xf08\
\x8d\x17\xa7\xf2:\x05x\xbe\x8f\x1e=Z`\xd0` \
\x81x%\x10Z`Xc\xf5\xee-\xb2v\xad\xf7m\
\xc8\xca\x92}\xd3\xa6I\xa5\xa6M\x1d\xcb\x827\x06\x0c\
\x19\xf0\xce` \x81x&\xe0,\xb0\xc5\x8bE\xbat\
)2X\xc4(\xe4\x94)#\x05G\x8eX\x96\x86\xb3\
\x081%\x1c9rd\x8cj\xc3bH 2\x02\xf6\
\x02\x83\x11\xa3{\xf7\xc8rw\x99\xfa\xdf\xb8\xab\xcb&\
Mff\xa6\x12\x97q\xa6\xa1\xcb\xac\x19\x9d\x04|!\
`-0\x8c\x5c16w\xffOD*\xdb \xc8\xcb\
\xcbS^\x19\xb5k\xd7\xf6\x05\x12\x0b%\x81p\x09\x94\
\x16\x18\xd6\x5c\xb8\x86'\x86\xd3BT\xbe\x8d\x88\x04_\
?^QD\xee\x1d0@\x86\xce\x98\x11n\xfb\x98\x8e\
\x04|%PZ`\x17_\x1c\x1b\x83\x86\xa9\xd9\xb8r\
!x2\x8ak\x15p\x82a[\x9c\xa6\xfb\xe9\xa7\xbe\
Bb\xe1$\x10.\x81\x92\x02\xf3\xda\x14oQ\xcb=\
\x22R5\xe8\xef8\xea\x13;[\xb5\x8c\xbf\x9bL\xf8\
\xe16\x94\xe9H\xc0\x0f\x02\xff\x08\x0c\x9b\xc8>|B\
\x8fC\xd7V\x16\xb7\xbcR\xf1\xa8eym\xde\xa6M\
\xa56\xa3\xfd\x00\xc62I\xc0\x0d\x81\x7f\x04\x96\x97\x17\
]\x0f\x0d\x8dZ\xcc\x12\x91\xfe\xc5\xf1\x9a\x88\x08\x8e\x0f\
\xb5\xfd(\x05\x1e\x1f\xf3\xe7k\xe4\xca($\x10?\x04\
\x8a\x04\x06\xdf\xc2\x18\x7f\xda\xb1[D\x8c\xcb[{\x89\
\xc8h\x11\xa9\x11\x8a\x0b\x9c\x89m|\x17C%\xe5\xef\
$\xe0\x07\x81\x22\x81\x8d\x18q\xd4M)V\x95\xc0\xa9\
\xef;\x8aG\xad\x81\xba\x85b\x8d\xc8\xaf\x93ui1\
^\x1c\x10(\x12X\xdd\xba\xe1y\xc5\x87\xd9\x00\x9c\xe9\
\xf4\x9fbq\xfd\xcbM\x1ep\x8d\xda\xb6\xcdM\x0a\xc6\
%\x01_\x09\xa4\x05\xd6\xad\x0b\xa8\xef\xb4b\x14\xb6\x8b\
\xc8\x94bqU\x0b\xa7L|w\xa6\xf9=Y8\xd9\
3\x0d\x09D\x93@Z`\xfa\xf4\x80\x0c\x1e\x1c\xcd<\
\x1d\xf3\x82a\xa3_$\xa5M\x9f.2hP$9\
0-\x09\xc4\x8c@Z 77\x10\xd5\xef\xbb\x1c\xaa\
\xbe\x5cD\x9aE\xda4Z\x13#%\xc8\xf41$\x90\
\x16\xc8\xca\x0a\xc4\xe2S\x94\xbd\x22R%\x1a\x0d\xa3g\
G4(2\x8f\x18\x11H\x0bT\xad\x1a\x90\xff\xfe7\
F\xc5E\xa1\x98\xaaUE~\xfa)\x0a\x191\x0b\x12\
\xf0\x9e@Z\xa0|\xf9@\xac\x1d{#j\x16\x0e\xd2\
9x0\xa2,\x98\x98\x04bE - \x12\x88U\
aQ+'\x90xU\x8eZ\xdb\x99QB\x11\xe0\x08\
\x96P\x8f\x8b\x95M4\x02\x5c\x83%\xda\x13c}\x13\
\x8a@\xcc\xac\x88Q\xa3B+b\xd4P2#\xef\x09\
\xc4t\x1f,*\xcd\xe1>XT02\x93\xd8\x10\x88\
\xb9'G\xc4\xcd\xa2'G\xc4\x08\x99A\xec\x08\xc4\xdc\
\x171\xe2\xa6\xd1\x171b\x84\xcc v\x04|\xf1\xa6\
\x0f\xbby\xf4\xa6\x0f\x1b\x1d\x13\xfaC\xc0\xb7\xef\xc1\xc2\
j.\xbf\x07\x0b\x0b\x1b\x13\xf9G\xc0\xb7/\x9a\xc3j\
2\xbfh\x0e\x0b\x1b\x13\xf9G\xc0\xd739\x5c5\x9b\
\xd6CW\xb8\x189>\x08\xf8~\xaa\x946\x06\x9e*\
\xa5\x8d\x8a\x11\xe3\x87\x80\xef\xe7\x22j\xa1\xe0\xb9\x88Z\
\x98\x18)\xfe\x08\xc4\xc5\xc9\xbe\x8eX\xe8\xb9\x11\x7f\xbd\
\x865\xd2&\x107g\xd3[\xd6\x18\x9f\xa6|\xf4\x11\
\xcf\xe0\xd0~\x9c\x8c\x18o\x04\xe2\xe6v\x15K0\x05\
\x05\x22\x9d\xec.4\x8a7\x94\xac\x0f\x09\x94&\x10W\
\xf7\x83\x95\xa8\xde\xbcyE\x97\xa43\x90@\x02\x13\x88\
\xbb\x1b.\x05\xd3\xc2\x85\x0b9r%p\xa7b\xd5\xff\
!\x10ww4\xcb\xec\xd9\x5cs\xb1\x87&\x0d\x81\xd0\
\x023\x9a\xea\xf5\xd5F4\xc5'M\xa7bC\xdc\x8c\
`fZ\xb8\xe2h\xf2\xe4\xe8\xde\xc2\x02\x0f\x8d\xa1C\
y5\x11{eR\x12\xd0\x1f\xc1\xcc\xcd\xc7m,\xb8\
$}\xd1\xa2\xf0\xce\xb4\x87W|NN\x91\x11\x83\xb7\
\xa5$e\xc7b\xa3\x8a\x08\x84'03=\xdc\xe9\xbc\
b\x85\x08\xbe\xd3\x823\xee\xce\x9d\x22\x85\x85Ew<\
\xc3`\x91\x9e.R\xb3f\xd1\xf5H8\x03?;\x9b\
k,\xf6\xbe\x94!\xf0\x7f\xac\xf3\xdc\xc8\xa9_\xb0\xf4\
\x00\x00\x00\x00IEND\xaeB`\x82\
\x00\x00\x1aA\
\x89\
PNG\x0d\x0a\x1a\x0a\x00\x00\x00\x0dIHDR\x00\
\x00\x00h\x00\x00\x00h\x08\x06\x00\x00\x00\x1d\x1c\xb5\xa1\
\x00\x00\x10\x00IDATx\x01\xe4\xdd\x05\x90#\xc7\
\xd5\x00\xe0\xd6\x85\xd9at\xe203\xf39\xcc\xcch\
\x07\x1dv\x98\x93s\x98\x99\xd1a\xe6\xc4\xe1\xe4\x1c\xe6\
\x9cCfff,W\xf9\xbfo\xca\xadzz;#\
\x8dv%\xddn\xfd.\xf7\xf5kT\xcf\xbc\xee\xc7=\
\xbb\xee\x9cU\xfa\xdfn\xbb\xedv\xce\xe9\xa7\x9f\xbe\x90\
\xd5\xfd\xe7?\xff9\xe7\xc4\x13O\x5c\xc8oM\xfb#\
\xeb\xca*\xfa\xef\x0f\x7f\xf8Cy\xc2\x13\x9eP.u\
\xa9K\x95\x9b\xde\xf4\xa6M\xfe\xd8\xc7>\xb6\x1cs\xcc\
1sY\xe5g?\xfb\xd9r\xc3\x1b\xde\xb0\xdc\xe8F\
7*\x97\xb8\xc4%\xca-oy\xcb\xf2\x9e\xf7\xbc\xa7\
\x9c|\xf2\xc9s\xf9\xbd\xe5L\xba\xc5\x11t\xd6Yg\
\x95\xcf\x7f\xfe\xf3\xe5V\xb7\xbaU\xb9\xe3\x1d\xefX\xbe\
\xf4\xa5/\x95\xe3\x8f?\xbey\x96\xcd'\xa8|\xf5\xab\
_-\xf7\xbd\xef}\x0b\xb8\xa9\x9c\xd1?_\xfc\xe2\x17\
\xcbS\x9e\xf2\x94\xf2\xbf\xff\xfdo8\xe3?\xfe\xf1\x8f\
\xf2\xe2\x17\xbf\xb8\x5c\xe9JW*\xcf}\xees\xcb~\
\xfb\xed7l\xdbR\xc0\x16C\xd0\x11G\x1cQ^\xfd\
\xeaW7/\xe3\xc9O~r\xf9\xfb\xdf\xff\xde\xf9\x0e\
\xfe\xf6\xb7\xbf\x95'=\xe9I\x9d\xed\xd36\xfc\xe4'\
?)O|\xe2\x13;\x87\x9dr\xca)\xe5\xc3\x1f\xfe\
p\xb9\xe65\xafY\x1e\xf2\x90\x87\x94\x1f\xff\xf8\xc7\x9d\
}\xe7\xdd\xb0p\x04\xfd\xeew\xbf+\x8f\x7f\xfc\xe3\xcb\
\x15\xafx\xc5\xf2\x96\xb7\xbc\xa5\x1c{\xec\xb1\xbd\x9e\xf1\
\x9b\xdf\xfcf\xd9}\xf7\xdd{\xf5\x9d\xd4i\xc3\x86\x0d\
\x93\xba\x0c\xdb\xbf\xf7\xbd\xef\x95\xfb\xdd\xef~\xe5\xda\xd7\
\xbev\xf9\xd0\x87>4\xf3\x93<\xfc\xa1\x0e`a\x08\
\xfa\xcaW\xbeRn~\xf3\x9b\x97;\xdf\xf9\xce\xe5\xcb\
_\xfer\xc7rJy\xe0\x03\x1f\xd8\xec\xd8\xc3\x0e;\
\xac\xdc\xe0\x067\x18\xe9\xf7\xd1\x8f~t\xa4\xbc\x9c\xc2\
\xbf\xff\xfd\xef\xf2\xe7?\xffyd\xe8\x8f~\xf4\xa3r\
\xc8!\x87\x94\xd7\xbe\xf6\xb5\xe5\x0aW\xb8\xc2H[-\
\xec\xb3\xcf>\xe5y\xcf{^\xb9\xfc\xe5/_v\xdc\
q\xc7r\xdai\xa7\xd5\xa6\xb9\xe6\x0bA\xd0\x0b^\xf0\
\x82\xf2\xb8\xc7=\xael\xda\xb4\xa9\xf5a.w\xb9\xcb\
\x95W\xbd\xeaU\xe5\xa0\x83\x0e*\xdf\xff\xfe\xf7\xcb}\
\xees\x9f\xe6\x84\xbd\xece/\x1b\xe9\x8fW\xad\x94\x17\
}\xecc\x1f\x1b\x99\xf3\xaew\xbdksB\xae|\xe5\
+\x977\xbc\xe1\x0d\xe5\xf0\xc3\x0fo6\x90\x8d4\xd2\
\xf1\xdc\x02\x01\xe2\xfd\xef\x7f\x7f\xb9\xdb\xdd\xee\xb6\x10a\
b\xee\x08\xfa\xeb_\xffZ>\xf0\x81\x0f\x9c\xfbx\xa3\
\xd9\x9d\xeet\xa7\xe2d\x1dy\xe4\x91\xe5\xcdo~s\
\xd9z\xeb\xadG:<\xfa\xd1\x8f.\x97\xbc\xe4%\x87\
u\x9bE\xe1\xa6\xff\xb0bJ\xe0\xd4SO-\x84\x83\
8\xec\x99\xcf|f,60\xc9\xf17\xbf\xf9M\xf9\
\xef\x7f\xff[\x9e\xf3\x9c\xe7\x94\x8b^\xf4\xa2M}\xfc\
\xc7)\xb4\xf1b\xdd<\xe0\xb9#\xc8\xae\x8f\x0b\xf7\xb0\
\xcfx\xc63\xcaf\xdd\xa3\xfc\xf6\xb7\xbf-\x8fy\xcc\
cb\xf3\x08|\xc1\x0b^\xb0\x91\xb4be>\x01\xb1\
m\x12l3\x9ct\xd2I\xc3n[m\xb5U\x81\x8c\
aE\x02\x90X|\x07\xb9\xf5\xbb\xca\xb1\x0b1\xdd\x89\
\x8au\xb3\x86\xe7\x8e\xa0\xcc\xd8=\xe8\xc7?\xfe\xf1F\
\xff\xe8\xf30\xcf~\xf6\xb3G\xba9\x91\xc4\xe1\x91\xca\
\x9e\x85\xcc\xc3\x9e\xfe\xf4\xa7\xf7\x1ay\xb1\x8b]\xac8\
i\xbf\xff\xfd\xefGN\xb4\xc1x\x93|4\xcd\xae4\
w\x04e\xa6K\xbc\x9ef\xf9\xd7\xb8\xc65\xca\xbd\xef\
}\xef\x91!\x90<R\xd1\xa3\x00\xa9R\xec\xea\xa5\xc7\
\xf2$\xf8\x02\x17\xb8\xc0\x12\x04]\xe5*W\x994l\
E\xedsGP&\x0b\xcby\xb9;\xec\xb0\xc3\xc8C\
\xe2#\xf8\xd1H\xe5\x84B\xfe\xdd{\xdc\xe3\x1e\x8d\x9e\
3a\xd8H3\xe93*\xaf\xd7\xba\xd6\xb5\xcae/\
{\xd9\x91>\xb3.\xcc\x1dAY\xc1D\x126n\xdc\
8\xd5sP\x16IYu\x10I\x8e\xa6\xcf\xea@\xb8\
\xc0\xac)\x9e\xf7\xbf\xff\xfd\xcb\xbd\xeeu\xaf\xf2\xa8G\
=\xaa!I\xaf|\xe5+\xcb'?\xf9\xc9\x82\xe1\xcb\
\xebx\xf9\xb4\xa7\xc7\x98\x8f|\xe4#\xb2a\xca\x1bg\
\xd80C`\xee\x08B\x02\xe86q\xcdy7\xc7\xb6\
.8\xbf\x0c\xa7\x88\xdd\xee5\xafyM#%*\xef\
\xb2\xcb.\xe5\xe7?\xffy\xf9\xc67\xbeQ>\xf1\x89\
O\x94\xb7\xbd\xedm\x85@B\x94\x8e\xf3\x12\xeb\x1f\xf1\
\x88G\xc4\xaa\x890\xf2(\xc5\x8e\xdbm\xb7],\xce\
\x05\x9e;\x82\xac:3\xfa\xaf}\xedk\xe5\xa8\xa3\x8e\
\xd2\xd4;\xf5e\xe8}&|\xda\xd3\x9e\xd6\xa7\xdbH\
\x9f\xbc\xa9XC.}\xe9K\x8f\xf4\x99Ga!\x08\
\xa2xn\xb3\xcd6#\xeb\xff\xccg>3R\x9eT\
\xa0\xc1\xd3\x8b&\xf5\xeb\xd3>-y#\x9a;\xa1q\
\xeei\xe7\x88c\xa7\x81\x17\x82 \x0bBj\xe45e\
\x91\xb7\xd6\x8f\xcb\xe3I\xbc\xeaU\xafZ\xeey\xcf{\
6f\x97\xb7\xbf\xfd\xed\x05\xc2Y!~\xfa\xd3\x9f6\
\xca\xe8\xfb\xde\xf7\xbe\xf2\x8aW\xbc\xa2\xb1\x90\xc79m\
\x16cc\xdd$\x18\xaf\xc3\xf7j\xbf\xeb_\xff\xfa\x8d\
\xc9\xaa\x96\xe7\x99/\x0cAO}\xeaSG\x9e\x83Y\
\x87Uy\xa4rB\xe1.w\xb9Ka\xd9\xde\xec\xf4\
*\x07\x1ex`\xf9\xd9\xcf~V\xde\xfb\xde\xf7\x16&\
\xa1\xed\xb7\xdf\xbe\xb1\xe3\x11\x12\x90\x1f\x82\xc3[\xdf\xfa\
\xd6\xc28\xab\xff/~\xf1\x8b\xf2\xd2\x97\xbe\xb4\xbc\xe8\
E/\x9a\xf0+K\x9b3y\xcb\xfcp\xe9\x88\xd9\xd5\
,\x0cA\x183\xe9*.=KE\xb1\xad\x0b\xe6T\
\xebj\x1bW\x7f\xf7\xbb\xdf\xbd\xbc\xe3\x1d\xefhN\xdd\
\xb8~\xb9\x8d\x13\xf1_\xff\xfa\xd7\xb0\x9a.\xc4=2\
\xac\x983\xb00\x04y\x8eg=\xebY\xb2a\xfa\xc1\
\x0f~P\x0e=\xf4\xd0ayK\x03m\xbfO\x1a\x8c\
\xf5LC\xbc\xaf\xb1n\x9e\xf0B\x11\xb4~\xfd\xfaB\
\xb9\x8b\x0f\xc4\xec\x13\xcb\xab\x09\xa6\x0c\xf3\xe8\xc65e\
^\x1a\xdb\xe6\x01/\x0cA$!&|\x8aj|\x90\
/|\xe1\x0b\xb1\xb8\xaa`\xc6\xd03\xcf<sdM\
\x14\xe2\xfc\x0c#\x1df\x5cX\x08\x82\x04}P\x161\
\xec\xb8\xfe\x8b_\xfc\xe2\x8d\xc4\x15\xebV\x13\xfc\xe0\x07\
?\xb8\x10L\xe2\x9a\xf6\xddw\xdfr\xbb\xdb\xdd\xae0\
\xda\xc6\xfay\xc1sG\xd0\xc1\x07\x1f\x5cn\x7f\xfb\xdb\
\x97\xec\xac#4@\x98@\x91y=\xdcJ\xe7\xbd\xfa\
\xd5\xaf^~\xf5\xab_-qyp\xd3C\xdc\x22b\
\x15&\x22\xe8\x9f\xff\xfcgy\xe7;\xdfYv\xdey\
\xe7\xf2\xc7?\xfeq\xaag>\xfa\xe8\xa3\xcb\xb6\xdbn\
[2I\xb8\xda\xd5\xaeV\x98\xeeo|\xe3\x1bO5\
_\xecL/\xd9u\xd7]\x9b( \xa1R<\xb2\xec\
~,\xdf\x0f}\xe8C\x0b\x81d\xa7\x9dv*x\x9c\
\xb8\x82\xfd\xf7\xdf?\x0e\xef\x0d\x9f\xe7<\xe7)\x9f\xfe\
\xf4\xa7\xcb\x1b\xdf\xf8\xc6\x911g\x9cqF\xe3\x89\xcd\
B\xc4H\xa71\x05j\xc6\xb8@\x99:\xb4\x13A{\
\xef\xbdw\xb9\xeeu\xaf[nq\x8b[\x0c\xf5\x8c;\
\xdc\xe1\x0e\xe56\xb7\xb9M\xe9\xa3\xbf\xf0^zYH\
B\xfd19%\x8f\xe8\x9a\x85\x05m\xe3\x92\x18\x00;\
V$\x90u\x5c\xf8\xc2\x17.\x84\x0e\xf68\xa1Rt\
\x1e\xfc\x8cn\xf4\xdd\xef~\xb7\xd0]6l\xd8Pv\
\xd8l\x09gl\xe5\xb6\xb0!\x8c\xf7\xfb\xe3~\xab\xad\
\x8d\xcd\xcf&\xcdm,\x0a}\x91\xb4\xe7\x9e{6q\
\x0d\xfcK6\xa9P31\x80tD<:\xcf\xad\xdc\
\x8a \x01\x14|\xee{\xed\xb5\x97>#\x09\xed\x15\xa7\
\x86\xe1#Q#\x8d\xa1`\x17;}\xa1\xaaA\xb61\
\xe2\xceb\xfd8\x18\xffz\xe1\x0b_X.r\x91\x8b\
4;V$\xd0\xb4'\xb9\xce\xcf\x8bk<\xb2\xea\xc5\
\xbc\xfc\xe5//]/\xa6\x8e\x899\xfd\xc7\x06\xe0\x15\
\x8e\xf5\x90De\x88u\x11\xe6\xc9E\x12\xafw\xbd\xeb\
5\x91A\xc2\xbaj\xbb\x18@V\x90\x87=\xeca\xb5\
j$oE\x10s\x08$\x8d\xf4L\x05/\x1a\x92\xf4\
\xa5\xdd\xc7f\x92\x0e\xabr\xacs\x127n\xdc\xd8D\
\x8b\xc6\xfa.\x98\x88k\xd7\xb2\xe11\xdbt\xf5[n\
\xbd\x17Cqu\xb2\xbab&\xda\xe6f^B\x9e\xb3\
#\x92\x9d\xf0/\x7f\xf9\xcbp\x08\xb2\xeeds\xab\x0b\
\x98\xe1\xde\x1f6\xb6\x00\xbf\xfc\xe5/\x8b\x8d\x98\x9b\x96\
 \x88-K\xb0D\xec\x88\xb6\xdf\xe4&7\x89UC\
X\xff[\xdf\xfa\xd6\x85\xc4C\xe3fv\xc9\x86E;\
\xc7\xces\xb4\x87\x03\xc7\x00\xcc2\xc8+_\x0fR\xd9\
\xd5\x95\x01\xd5if\x9d\xde\xb0\x99\x9c\xf1\xf9 \xbf_\
\xff\xfa\xd7\x9b\x10^\xa6\x1d\xd6\x0b\xe1^]s`\xf8\
\xccB\x10\x95u\x9e\xae1\xde\xc5\xaf\x7f\xfd\xebB\x0a\
\xad}\xf0D\xc8sBQ\x1fqtx\xa3\x8dV\xfb\
\xc4\x9c\x90\x14}\x5c\xda\xac?\xc78,AP6b\
\xda\x19\x9f\xfb\xdc\xe7\xcan\xbb\xedV\xbe\xfd\xedo\x97\
\x9b\xdd\xecf\xe6Z\x92\x18*\xc5S\x13(b\xe36\
\xdbl\xd3HB}M\xf3\x0c\x9c\x1eT\xa4O\x9c\x07\
\xcc\xb7\xc4`\xcax\xc9\xb3\xc9}\xbe\xcb.\xbb4N\
\xb9\xd7\xbf\xfe\xf5\x05\xa2\xf0\xbdG>\xf2\x91\xcdnt\
B\xb86\xf8q\xf4\xfd\xd4\xa7>\xd5l$\xfc\xcb|\
1\x11\x22X\x09\x90\xe6q\x9b\xa2\x8e\xb1\xe9l\x84Z\
\x96#\x97x\x1c\xe4)\xb7%B\x93\x8d\xe0\xf9\x84\x1d\
G\xc3\xad\xdf\xcd|n\x04A$\x0b\x12O\x9c\x98\xe7\
\xb2\x96-\x1e_\xc1\x84\x05\x9c\xd7\xfa\xae\x9c;\xd8i\
\x10E\xda\xd5\xa7\xd6\x1fp\xc0\x01\x8d~\xc12]\xeb\
jn\xa7\xd9]Dv!\xb9H\x06\x11\xb8\xb6\xf7\xc9\
\x9d6\xcc\xd8\xda\xf9\xa2 \xb4\x0dQ\xda\x85\x83\x89\xe4\
\x994\xaf\xcd\xd0\x87\xfc\x0a\x1ds\x9a\x09^\xc4v\x9b\
\xde\xdcN\xa0`HpM\x99\xdc\x8e \xc8K\xa8\x1d\
\xe5\xa4\x1e\x8b\x05\xc7\x84\x9c\x89\xd0\x84\xcc.\xf2aQ\
\x16#\xbe9\x8em\x83\xbf\xf5\xado5\xb7\x19\xc4\x9a\
\xc5v\xc2\x04\x11\x17?t:b\xdbJ`\x02\x07\x92\
\xe8\xd4\xc4\x0dX\xe7\xdc\xb4iS#\xd0\x10\x88j]\
W\x8e<B|[;\x1eM@8\xee\xb8\xe3\x1aC\
m\x9b\xe4j\xac\xf0\xb2:\x1e\xef\xc26jy,\x82\
\x90\x93\xda\xb1-\x7f\xd0\x83\x1eT\x90\x8f\x8c(;\x13\
/\xe8s\xca\xbe\xf3\x9d\xef\x14\xeeg\xe4!\xfe\x06\xcb\
\x03\xb2\xea\x06B\xac\x9f%\x8c\x0f|\xf0\x83\x1f,\x98\
{f\xfaH\x10\x95\xc2&\x9b\xf4\x9bH'k\xb9~\
\x0c\xa9\x90\xb6\xc7\x1e{4\xb1\x10\xe3\xe2\xfe\xf4\xb7\x91\
Q\x04pM\xd6T\xe1!\x82\xd0j\x8b\xaa\x0d\x18:\
\xe1\xa0\x96\xc7\xe5\x15Q\xc8\x03\x1eE\x1f\xf1p\xe3\xc6\
hC\xab\xdb\xc4K\x1b\x83\xc4w\x99\xcb\x5cF\xb7\xb9\
'B\x0e\xa5\x91^\x92\x7f\x8c\x0e\xe5e\xe7\xfa\x5c\xc6\
\x83=\xf7\x09'\x9cP\x90=BN\xee\xd3U\xce\xa7\
X\xacx\xd5\x1f\x87\x08\xca\xc2\x01\xe48\x09]\x93\xb6\
\xd5#}xT\xdbK\xcf\xfd\x9d<\x88\xcd\xf5\x0c\x94\
\xf8L\xae\x9fw\x199%\x0a\xe7\xddL\xaa\x22)\x92\
\xf6\xc6\xad\xc1\xbb\xa24\x8f\xeb\xd3\xd5\x86M\xe4\x0d-\
\xa2U\xff\x06A\xa4\x89]w\xddUy\x98\xc4$\x0f\
\x0b3\x06(\xc0\x18lT\xd8\xfc\x04\xe9l\xbb\xed\xb6\
\x03n\x91\x84\x17X\x03\x12\x15\x17@\x80i\xdbL\xb1\
\xcfJ\xe1\xfc\xbemT\xd6\x93\x06A\xd9\xb3I\xebe\
\x92Y\xe9\x8f\xb6\x8d\xe7~v\xd2X\x08b\xbb\x13\x9c\
wol_$\xcc\x8d\xfe\x80\x07<`\xe4'\x99\x87\
\xf0\xca\x91\xca\x19\x16HvQ\x15\xa1?\xed\xbc\xf3\xce\
\xa5A\x10\xfd&\xfeV\xa6\x89\xb1m\xa50\xbbU\xa6\
\xe9,\x06lf+\x9d{V\xe3\x07\x83A\xa1\xe3 \
=qN\xd2\xa6\x98\xbbX7+\x98+\x9dD\x17\xe7\
#|\xaccqv'&6P\xf4byV0\x06\
J\x91\x8b\xf3\x91\xd6\xb2\xa58\xb6o)\xf8B\x17\xba\
P\xc1\xac\xe9`q\x0dy\xfd\xb1m\xa5p\xf6\xd6R\
\x03\xd61\xa7\xe7\x89\xd9\x84&1\xc5<\xa6O\xd9\x0d\
\xb6:o\xed\xcf\x1dP\xe1\xd5\x96S\xb0\x9d\xf8\xb8.\
\xca\xa6\x9d\x1d\xebf\x05\x8bT\x8as\xd9\xd0\xebXu\
]E\x8f\x0d\xc4D\x22.\xeb-\xda\x1b\xdb\x96\x0bS\
l\xabdR\xe7\x10;=\x8d8Z\xc7-2w?\
u\xfd\xfa\xf5#?\xf9\xba\xd7\xbd\xae\xf0\x07\x8dT\xae\
\xa0\xe0\x0e\x15\xa5\xb6\xeaRu*n\x95u\x0a\xd9\xbc\
\xa0N2\x90i\x9eE\x01\x13g\x10T\xbf\x9c\xe4\xda\
`\x1c\xc7\x06\xe5D\xc5\xba\xd5\x0a\xe7\xb5c\x09\xf8\xd1\
J\xd6\xcb7\xb4\xe3\x8e;6\xdfgp\x10x\x07\xf2\
|\x9c\x90\x0d\x82X_)\xaa\xc4\xcc\xdcI\x99\x1f\x85\
\xf2\xc8\x9e\xc5vdr\xf5\xd3$\x8a\x5c\xec\x0f\xe1\xe8\
|\xac[\xad0\xeb\xb5\x97\x18\xd7\xc7\x02\x12\xcb}`\
\x1b\x1cyd>cl\x85\xf8lA\xa9\xf3\xbc\xfb\xdd\
\xef.nk4\x08R\xc9,O\x1f\x12y\xc9\xfc\xa0\
.'J\x1b2er\xa28I'\xf7i+#\x93\
\x84\x91\xda\xc6\x14\x8ft\xd4\xf2Z\xc8\xb3nD\x80\xf0\
\xc2\xfb\xac\x1dy\xb7\xc1\x99\x96\x5c\x02\xe0O\xea\x1a\xc7\
\xb4\xc5\xc4\x05\x0f\xfa\x0c\x11\xa4\xc0B\x0cs\x8c{d\
p\xc1\x1e\xea\xdb\x12\xad\x9b\xec\xde\xc7\xde\xc6\x04\x14\xe7\
\xa0\xa4\xc6\xf2Z\x80\x89\xdc\xdc\x1du\xadx\x10{c\
-\xb7\xe5\x822\x99\x91\x9c@\x14#+\xe6u\x0cr\
\xcf5\xc2\x89\xc88\xac\x7fm\x1bAP\xad\x94;\xd2\
v>'\x9c\x00\x8c\xec\xe6\xd5G\xca\xce=u91\
\xa6\xc6:^\xd8X^+pVT\xb3\xfe\x98\x9f\x83\
R\x9e\xbd\xcd\xb1\x8f\x8d\x8aT\x92\xde\xb8#\xb6\xdaj\
\xab\xd8\xdc\xc0\x9d\x08jZ7\xffC@`i\xe0\xf0\
\x12\x88\xc1\x18\xba\xb9z\xf8?\x9f\xcf\xb0\xd0\x02\xa0\xb1\
L;\xb5\x89X\x9f\xa5\xa2\xda\xb6\xdas\x86\xd3\xb8F\
|\xd5\xb7\x86b]\x84\xd9\xf7b\x19\xcc\xdaM8`\
\x0cu\x02\xf3\x9c\xfa\xc44\x11A\xb53\x1f\x8a\xe0\x88\
L\xaeX\xbdk\x9f\xb6\xdc1\x8f\xf5LH\xe6\x8au\
k\x05\xa6T\xc7\x0di\xf3y\xd1]\xeb_\xb7n]\
\x89\x82\x10\xbd\x8aS\x94)\x89\x8b\xbdk\x5c\xac\xef\x8d\
\xa0:(\xd3QV\xdc\xda\xd6\x96\xf3\x82\xc6\xfa\xac\x99\
\xc7\xb6\xb5\x00s\xeb\xc7u\xf2\xce\xc6r\x86\xe3\x06&\
\x9e\xe3]\xb9\xcf\xb8\xf2\x94\x08*%#\xa8\x8b7\xd5\
\x1f\xcd'(2\xda\xdag-\xe5\xf1\x04Yw\x94N\
\x95s\xe2\xd6\x8euN],O\x82\xa7F\x90\xc0\x86\
8\xe9$r\xc5]\x1d\xfb\xaf\xf5\x13\xc4\xc2\x12\x9fg\
\xd5!\xe8\xff\xfb\x09\xca\x08\x9aD\xe2\x16~\x820\xbe\
\xb8\x83\x06\x83A,.\x81\xa7E\xe8\x92\x09VYE\
\x16\x85\x194\xc7-q0\x18\xff~\xc6\x8d\xd565\
\x89\x8bR\x89\x092\x02\xd4\xc5D{\x8ee\xe2z,\
\xaf58[\xe3\xbb\xac.\xf5\xb9X_*,\x9f\xc4\
\x12\xf4\x89ij\x04e\xa1 \xf3\xa489\x98\xfdN\
^S\x0cL\xa9uk)'\x89\xc5\xf5\xe6h\xa0\xd8\
\x06\xce\x1b8\xbf?}\xc6\xa5\xa9\x11\x94w\xc0$\x04\
\xe5\x07X\xeb\x08\xca\x14 ?_~\xd9\xab\x1eA\xf9\
\x04\xe5\x07\xcc\x0f\xb4\xda\xcb\xd3\x9e\xa0L\xe2\xe6~\x82\
\xf2\x0f\x88<\x19\xf7R\xf3\x0ec\xa9\x1d\xd7\x7f\xb5\xb7\
\xb1\xf8\xc75\xb2\x0e\xc4r\x86\x05\x7f\xc4\xbaI<+\
\xf6\x05OM\xe2\xb2\xe5 \x1fa\x93\xc6\xe4sd\xe7\
?\xff\xf9\x87Uv\xa0\x98\xb8a\xc5\x1a\x02\xd8\xce\xe2\
\x86\x14\x853N\xf1\xceV\x83\xf8\x1eF\x1e{L\xa1\
\x17\x82\x98\xc0\xbd\xe8\xc1`\xb0\xe4\xfb\x9d\xf9\x08\xe7\xdf\
\xb2(\x81\x7f\xb1\xdeM\xb9X^+\xb0\xafi\xc5\xb5\
2t\x0e\x06\xddbt\xde\xbc\x0c\xab\x83\xc1\xa0\x0c\x06\
\x83\xe6\xbb\xdd\x7f\xfa\xd3\x9f\xe2t\xadp'\x82\xc4\xad\
\xf9\x0a.\x1e\x22p=\x7f\xda\xb2\xce\xe6DM2_\
\xe4\x18\xb3\xfc\xa0u\xae\xd5\x9e\xe7[t\xf93ky\
\xfd\xe3\x04\x22w\xa8\xf8\xdb|9EhA\x1e[\xcb\
K\x10$\xba\x9e\xff\x87\x13\xc9\x15\x8d.M\xf9:\xd7\
\xb9N\xe1\xb2\xc5\xf4\xb3\xb6\x5c'\xaf\xb9\x9dVa\xb9\
+\x8c\x996\xab_\xcd\x09\xef\x11aZ\xd7\x882\xf8\
.P-\xb7\xe5,\xf76\xa3\xe7?\xefy\xcf\xdb\xd6\
\xa5\xb9|\xc0\xf7\xc6B\xe1Jf6.\x0f\x11\xc4f\
&\x1e\x8e;\x9a\xdf\xa7\xcb\x9d+*\x14\x89\x12\x97\xf0\
\xfc\xe7?\xbfDkm\xeb\x0a6W\xfa\xf1\x18\x98\xce\
\x91\x05\xb9\x9b\x9b\xd6\xcc\xffZ\x1e\xa4\xd4\x00\x00\x09\xea\
IDAT\xf1\xc6\x81ECNV\xda\xd5\xc7\xc4\xea\
\x82\xbcs\xcaq3\x88\xff\xeb\xe2Y\x14`^U\x07\
Cl{\xdd\xc0\x0d\x82\xec\x0e\xd8\xf6\xf9\xfd\xf8\x03\x15\
\xe6dz\xc9K^R\x04\xd2\xf1\x07-\xc7#\x9ac\
\x9b}\x0d\xb1\xcf%\xa9\xba\x86-\x99\xf3*\xdb\xb4q\
\x0d9\x96:\xb6\xb5\xc1\xa4=\x11\xb4N\x88\x0d\xee0\
\xb4\xf5S\x07\xa1\x82\xe9\x19b\x1b\x04\x09\xbb\xcd\x0cM\
G\xdeS7\x90\x911W\x1b]gT\xbf\x9c$X\
\x22*\xb9N\xa8\xb0\xa2\xe5\xcc\xb5\xe819`\x84\xe3\
n9\x9b\xb4\xae\xdbX\x017\xde\xab;\xadm\x97\xdc\
x\xa1E\x9a\xae\x13 \x22\x00\xa4\x0e\x96\x8b\xb8\x11\xa7\
\xe5*\xc9\xf6\xdbo_\xba\xc2\xb1\xf4\xed\x9b\xe8Cn\
\xb5\xc5\xfe\xee\xbe\xba\x97\x13\xebV\x1b\x8cbl\xdc\xb8\
qdY6\xebH\xc52\x0b\x040\xc1\x9b\xf8\xbe[\
\xf1\x02\x15\xe3T~{\x1di-V\xe2)B\x8a\x04\
,\xc6\xfaY\xc0\xc8d\xde-.\xee\x8af\x99\xc5\xfc\
\xb3\x9e\x83\xce\x86\xba\xc4y\x1f\xfe\xf0\x87\x17\x91:\xb1\
n\x16\xb0\xcfD\x0b\xc7\x12\xe9\x1b\xe7[G\x1a\x8b\xcc\
\x8e^C\xca\x8a\x9df\x09\xe7Xl\xb1\xce\x99?\xcd\
\xf2\xf7V2\x171:\x8b\xca\xbeh\xb2\x929\xc7\x8d\
%\xa8\xa1h\xb1O\xc3\x83\x5c{\x8f\x95\xa2xby\
\x96\xb0\xf8cbg\x9c\x139\x158\x19\xeb\xb64\xec\
\xaeR&\xbfH\x1b)\xf7\xdc\xb5\xcd<\x13;\x17'\
\x15s\xd8 \x88\xde\x13\x1b(Q\x99\xf4\xc5\xf6\x95\xc2\
\xc2_\xf3\x83\xbaw\xe3#\x18+\x9d{\x16\xe3I[\
ng\xc7\xb9\x90b$:\xd6\xcd\x1a\xce\xd4E4j\
\x83 \x01t\xe4\xef\xf8\x83^b,\xcf\x12f\xc3\xf2\
\xfd\x84\x1c7f\x87\x92\x5c\xf2G\xf4f\xf9\xdb\xe3\xe6\
:\xfb\xec\xb3\x9b?r\xe8\x0b'\xb1\x1fi\xd6\x95\xc4\
X7k\x98\xc0D\x17\xaa\xf3R\xfe)\xb0\x0d\x82\x06\
\x83A\xf3\x15\xa6\xda(\xcf\xc7M\xdd,\x93\x0dAr\
\xa1c\xc5y}\xab\xc1\x07\xf3\xe8\x5c\xb1~\xde0A\
e\xdbm\xb7m>o\x16\x7f\xcb&\xa2\xb7\xb8\x01\x17\
\xeb\xdb`\x96\x17\x1b;\x1aT\xdb\xfa\xb5\xd5\xe5\x1b&\
\xa4gf\xb4\x06A\x06\xe4\xebw4_\xd2\x9c\xb6\xbe\
\x89Y\xc8\xee\x13\x5c\xefF\xc4\xa4q\x0c\xb0\xbe\xe1\x93\
\xfbm\xda\xb4\xa9\xf9sj\xc4\xcc\xdc6\x8f2E\xdd\
\xc7\x9e\xf0\xc28?\xe5\x12r\xa8\x08\xb1\xbe\x0dfO\
c\xbb\xa4\xefq\xf3\x93\xfe\xfa|\x08\xc3\x5c\xbe\xd3\x90\
-\xfcn\x91h\x1b\x22\x88\x9f\xc2\x91RYS_a\
\xc1\x1f\xaf\x10HO\xaeG\xbf\x99\x81|6\xa6\x0f\x1f\
\xa31\xd3\xb7\x04\xee\xd7\xdf\x953u\x98\x83\xa9d\x5c\
|\xb3\xbe\xcbMH\x8a\xdb\x84.\xb0E;\x9b\xf9\x90\
5BB\x0cdW\xdf\x96\xdc\x90\x8f\xef\x8e\x97\x19?\
\xf1l\x02\x1d\xc1\x9e\xa7m\xac\xba|z(\xb2U\x1d\
\x19\x22H\xc7l\xbe`\xe8\xeb\x225,\xd8\xae\xa2\xb8\
!G\xb3\xa6\x19\x9b\xa3&\xca\x17\x85\xb7\xcfq\xf72\
 )[\xbd\xcd\xc5\x07C\xef\xd0\xd6\xc7<o\xcc\xa4\
\xc4j\xb2\xd3N;\x15\x1f\xd5s\x9b0\xf7'e\xd2\
I\x9c\xa0\xdc\x96\xcb4~\xe2x\xae\xafef\x22\xa7\
I4\x90oO\xd8\xcc\xb5M\x8e\xea\xb8\xfa\x0f\xae\xa9\
\x9e\x1e\xe5\x11\x04y\x11\xaeYh\xa8)\xf3\x22\xe4\xc7\
1vZLd\x81\xb5o\xce\x1d\xf1q6\xa7\xd8\x1f\
/b\xceg\xfa\x88\xf5\x15Fn\x99\xe7\x91E\xda\xb7\
\x9b\x17\xb5\xadO\xee4c\xf4^\xbe\xb5o\xd8\xb0\xa1\
\xd8\xe9y\xac[\x06la\xe8\x7fn\xcbes\xda\xed\
t\xc7\xdc\xd6V\xf6%\x12\x9b\xd97{\x18F!\xc7\
&\x8f}\xc5l\xdb\xd8\xb5n\x04A*Y\xa8\xe55\
q\xd6\xd9\xc5\xee\x0ba\xde\x10\x88\x11foa\xed\x9f\
s\xa7\x10\xc3\xcb\xf5]e/\xdf\x95\x16/\xb2\xad\x0f\
\xbf\x14C+K\x07+9\xab2\xed\xdeo\xb0\x99a\
\xd4^\xb2@\x7f\xa2\xb1\x93g\xe3\x09\xd9u9\xcaU\
\x98\xb6S\xad\x8f\xdd\xed\xc5\xb5\xfdn\xaecKt\x03\
.S\x18\x81\xf1x\xa75\xe51\xb5,\xe0\x9ek\xc1\
Fa\xe1\xae\xf5\xf2\xfc\x09\x84%\x08\xc2K\xf0#\x9d\
%\x9a->\xe0\x05\xe4\xafQi\xaf\x89\xa2\x89\x16s\
%x1\xb5^\x0e\xb9\xd3\xdcGuJ\xecb'\x90\
\x09\xc4\x1cm\x09\x0f!\x09\xba\xa7\xe37\xd0r\x8c\xfa\
]\xefzW\xf3\xf7\x83|\x97\xcd\xc9\x1b\xc7\xc3\xd0z\
:\x18F\xed\x22o\xdb\xef\xb4\xd5!W\xc6\xc46\x9b\
\xc3\xd5\x12.\x19\x9e\x01\xc6P\x96\x07\xa7\x22\xf6\xeb\x82\
\x99\xd9l\xa2\xd8\xbe\x04A\xcc>\x99\xac\xc5\x01\x11\xb6\
\x03\xd0r6+w\x5c]\x8b\xd4\xeeO\x89\xe5\x17\xfb\
\xa67\xbd\xa9\xf9\xe3\x16\xda\xfb&>$\x08\xf0\xb9H\
\x9e\xc7\xbe\xe3\xc6\xf6;\xb7\xd1\xe9C^\xf0\xca|1\
\xeb\xdc.\xad\x19\xca\xa1?\x04\xc4\x0e\xfe\xa0\x07\xb2\x19\
\xeb\xbc\x1f\x1f(tb<\x83>\xb1=\xc2\x90C\xa2\
E\xeac\xfd\x12\x04it\x8a\x1cUp[\xa2/@\
\x88\x1d\xe2Jz\x9b\x18\xea\x98#\x87q\xbc\x9d\x8d'\
y\xc8X?\x09v\xc9\xd9)\xf02\x89\xb34\xec>\
\xd2U\x9c\x17\x93F\xee\x900\xfc\x8b\xaf%\x0bE\xb1\
\x7f\x1bl#\x22\xad\xf9\x86\xb7K\xc1\xac/mcj\
\x9dg\xd0\x87\xbe\xe5=\x90\xf0\xb4\x91^Q\x1c\x16s\
,D]L\xad\x08\xd2\xc1Q\xc5{\xec\x00\xa7\x81\xbd\
\x8e\xff\x86\xce\xe0\x1bjH\x9a~]\x89\xef\xc7\xf8|\
\xbc\xed<\x08F\x9e\xba\xc6v\xd5#G>X\xebk\
X\xc2\xb7\x90S\xfa\x1aR\xe8\xb7(\xb9\xf40\xdeZ\
\xe4\x0d\xc9\xc5\xb3\x90i/\x86\x10\x82?\x116\xba~\
\xa3\xab\x9e\xc8\xed\x14g}\xc5\x8b\xc7g\xbb\xc6\xe5z\
\x1b\xc5\xc7f\xb1\x0b\xeb\xf7iO\x14\x87\x1e\x96\xfb*\
w\x22H#\x13\x10\x1a\x8a\xcc8~\x1e\x9e\xe7U[\
\x9fDa\xc3x\xf3n'.{X\xfaR\x9fy\xc6\
\xf5\xd9z\xeb\xad\x0bRh\xad\x82[l\x22\x82\x0e*\
\x80\xe4R\x9a#O\x1d7WW\x1b\xc1\xc2)q\x82\
b\x1f\xd4\xc0\xc6@\x9eb\xfd,\xe1\xb1\x08\x9a\xc5\x0f\
\xb9\x0fD\xa7\x88\xa2\xa3y]\x9cu\xa4\xb3\xb3P\xdb\
jJx,\x892\x93e\x0a.\xdd\xef|\xe7;\xdf\
\x5c\x97;w\x04Y\xbdhT\xd2\x141X\xb9&W\
7\xec\xf2q\xfc\xae\xf6\xdd\x12\xb9/Bf\xc6o\x1d\
x\x88O.\x83\xe7\x9d\x16\x82\xa0\xfa\x10\xb4v\xfc\xa3\
\x96kN\xd7\xaa\xf0j\xca\xf1J\x14 \xae\x89k\x06\
\x0f\x89u\xf3\x84\x17\x8a \x0f\x92%;ut\x17\xf9\
jL\xdc\x1fq]xN,\xcf\x1b^8\x822\xc9\
`L\x14\x076\xef\x07]\xee\xfc\x10$\xbe\xad\x8eg\
9 4\xd5\xf2\xbc\xf3\x85\x22\x88\xf4F\x1a\x8c\x0f\x95\
M\x1d\xb1\xad\x0d\xf6\xf1\x08\xdf\xbeik\x9bT\xe7\xf7\
)\x8c\x93\xfa\xc5v:\x1e\xcb@\xac\xcb\xdf\x90\x8bm\
\xb3\x86\x17\x8a\xa0|z\x88\xda\xe3,\xc1\xe1a\x1b\x90\
Q\x92RGl':\xd3g\x98F\x18X\xbd4&\
\x1f\x0a_Mv:5\x81\xcd\x8c\xfe\xa1?Q\xbc\x99\
l\x8a\x7fX\xa3cw\xba\x1cCg\xac\x9b\x17\xbc0\
\x04\xd9\xbd\xf1\x8b\xea\x1e\x88^%\xef\x9b\x98\xe5\xab\xa1\
\x93\x04hN\x16j\x9f\xa9d\x1ce\xa0\xc4\xd8kb\
H\xa5\x17Q$\xab?\x86\xdf\x87\x13\xae\xefo\xeag\
\x1eJ2\xb8&\xbf[\xe1y\xe6\x0bCP\x16\x04\xe8\
@\x94\xcbi\x1e\xae\xaf\x8dp\xd2\x9c\xcb\x99\xc7\x06\x88\
\xf3:\xb1\xb1</x!\x08b\x8a\xc9\xbbv\xda\xd3\
\xc3r\xcc\xf95\x8b\x17\xc1\xe4#Fz\x9a\xb9X\xf3\
c\x7f&\x1a\x81/\xb1n\x1e\xf0B\x10D\x1b\x8f\x8b\
\xa7\x9c\xb2a\xc5\xbaI0\xb7q\xec\xc3v\x85|\xe1\
/\x9c`5\x99\x97T(\xc6B\x98\x14\xbb\x1c\xc1 \
\x87\xd5\xb2\xdb\xc5\xf9&\xc1\xac\xdf\xd9\x1a\xbd\x88S4\
w\x04\x11K\x99z\xe2\x0b\xe0p\x8b\xe5I0\xfe\x91\
\xe3\xd4 \xdd)\xfc\xe1\x0f\x7fX\xaaP \x87\x0c\xd6\
fNEa\x5c\xecr\x90\x96\x1da\xd3\x22\xc8\x1a3\
\x99\xe3GZ\x8e\xd1\xd7\x5c}\xd3\xdc\x11\x84\xb1c\xe8\
uA\x188i\xaa\x96\xfb\xe4\xcc\xf4<\x98\xb5\xafX\
\x02\xae\x83Z\xee\x93\x93\xfeHr\xb5/W\x09i\xac\
\x96\xfb\xe4\x1cz\xd9X\xcc\x18\xdcg\xecr\xfb\xcc\x1d\
AL\xfdqq\xac\xcb\xb1\xdc\x07\xceL=\xef\xe4>\
s\xe8\x93E\xec|\xe7G\x9fI)o.n\x88I\
cV\xd2>w\x04\x09\xfc\x8b\x0b\xf4\xb2\xb9\x02\x18\x22\
c}\x17\xcc\xb9&F!\xb6\xe7\x17\x1d\xdb\xc6\xc1Y\
\x9fA\x0e\xc7\x05\xbd\xc4\xb9\xf4u\x0aY\xb0c=\xde\
\x14\xcb\xb3\x86\xe7\x8e \xbb=\x92\x16\x0f\xe0!\xf1\x05\
\x9f\xdb\xc4\x0b\x22\xf9\xd2\x1eS\xde\xe5\x82\xda\x05\x80\xc4\
>}a\xba\x0c\x12\x1b\xfbg\xe1#\xb6\x09-\x13\x1b\
\xe8\xd4sZr\x02\x0a\xd9\x8a}\xe8^\xb1<kx\
\xbe\x08\xda\xbcZ\xce,\xeeo\xb1\x0e\x9b\x8b#\xff\x8b\
>e\xeb\xe2\xbb\xe7\xe9\xe4#\x8a\x1dxA\x85*\xc5\
:\xee\xeeX\x9e\x16\xf6{qL\x9b\xc2\xc9\x94\xc4j\
m]\xdc\xe2]\x8eE\xd4\x80\xc30\xce7kx\xee\
\x08\xb2`\x220m\x9eyF9'&\x1c>\x16W\
,\xedH&\x1a}\xf2\xe9\x11\x01*&@\xdbr\x93\
?Y\x16\xc9\x92MP\xdd\x1d\x04\x1a\xe28S\x92\xdf\
\xceN\xba\xfa\x9b\xd6H'\xcb$\xb3\xb6\xcf2_\x08\
\x82,x\xfd\xfa\xf5\x85\xc0 \x8a\xff\xb6\xb7\xbd\xad\xaa\
\xd6\xc4\x9e\xc6\xb42\x18\x0c\x0a='v\x12(\x19\xcb\
\xcb\x85\xd9\xef\xe2X<\xcd\x09\xf7\x17\xb4\xba.\xaf\xb9\
\x91!\x96M\x0c\x04\xe9\x0fy\x8es\xcc\x0b^\x18\x82\
\xea\x03\x88'cC\x13\xeak\x07\xf6\x89\xe04\x96U\
\xd9\x0b\x04\xaf4\xf9\xdd<G\xd7iq\x89\xca\x09\x13\
EJ\x7f\x9b7I\xcb\xebZ8\x82\xea\x02\xc4c\xa3\
\xe1\xf4\x11\xdf p\x15\xb3\xb6\xe5\x1cI\x12\xa1#R\
(\xb7-\xa7,\xd4I\xd4\xd2\xb8\xb1H!\x1d\x07?\
\xca'n\xdc\xb8Y\xb7m1\x04\xd5\x07!D\xd0\xf2\
1b\x96\x00/\xa6\xb6\xc9\x99r\x84y\x8dC\xa0~\
\xd3&q\x10\xfe>B\xbc\xc1\x8e\x8c!\xab\xa2wX\
.(\xa6\xd3\xce;\xeb\xfe\xff\x07\x00\x00\xff\xff\xc4Y\
\xa6\x99\x00\x00\x00\x06IDAT\x03\x00\x17z4\x87\
\xea<\x0c\xba\x00\x00\x00\x00IEND\xaeB`\x82\
\
\x00\x00\x1f\x0c\
\x89\
PNG\x0d\x0a\x1a\x0a\x00\x00\x00\x0dIHDR\x00\
\x00\x00\xe1\x00\x00\x00\xc3\x08\x06\x00\x00\x00t\xd7vG\
\x00\x00\x00\x01sRGB\x00\xae\xce\x1c\xe9\x00\x00\x04\
\x86tEXtmxfile\x00%3Cm\
xfile%20host%3D%\
22app.diagrams.n\
et%22%20modified\
%3D%222022-10-05\
T06%3A35%3A15.02\
6Z%22%20agent%3D\
%225.0%20(Window\
s%20NT%2010.0%3B\
%20Win64%3B%20x6\
4)%20AppleWebKit\
%2F537.36%20(KHT\
ML%2C%20like%20G\
ecko)%20Chrome%2\
F105.0.0.0%20Saf\
ari%2F537.36%20E\
dg%2F105.0.1343.\
53%22%20etag%3D%\
22OkKIz-zUObQzNC\
HA9ciQ%22%20vers\
ion%3D%2220.4.0%\
22%20type%3D%22d\
evice%22%3E%3Cdi\
agram%20id%3D%22\
uzbTDIeKd6uhhh1k\
yxa7%22%20name%3\
D%22Page-1%22%3E\
rVRbb5swGP01PA6Z\
W5o8Fpp2mzZpUybt\
cXKxY9za%2FpBxEs\
ivnwFzWxJ1lcoL9v\
kufD7nYC%2FKZP2k\
cVl8B0KFFyJSe9GD\
F4ZBHAb21SJNj9xt\
4h5gmhOXNAE7fqYO\
RA49cEKrRaIBEIaX\
SzAHpWhuFhjWGk7L\
tD2I5VdLzOgFsMux\
uER%2Fc2KKHl0naM\
I%2FU86K4csBchGJ\
h2QHVAUmcJpB0daL\
Mg1g%2BpWsMypa8g\
Ze%2BrrHG9FxME2V\
%2BZ%2BCVDZF%2FR\
Plu5ev2a%2Bn%2B%\
2FPDWX755LocsTi4\
A7thTTMwUBgp7Crw\
ovRIteGWm2%2F4mY\
ofUHHDQdnYMxgD0i\
ZgwVkL5HYmqi0g2s\
wU569Mw0GRDATorm\
20755Z03tXa6C0aG\
U0vI6UJyMy64DQGj\
2iNjIw224IrgpK3M\
ZGyvYYsmatPX0O1Z\
3PrVcq%2F8RVV5Q6\
BuwUtL5JbTAKZp1O\
QVKjG5viCqKV09iZ\
PBzscZosM%2FqgmN\
tl40DsbMrG3pOSdu\
HEfIewq7eFvU3bTP\
Il6wqULU73XIiZEH\
G8Sbpk8Y8vRhu8aZ\
zrJriwExyM4MqOM%\
2Fzs10Q%2BUoqlLz\
FTfN9wxf4wgSvLb1\
oCb%2Ftsj7Zd5c73\
AerHKFmqv479%2BE\
L%2FIE6u6B8l%2Fu\
rdDrDb6droYrPLN9\
r%2BBQ%3D%3D%3C%\
2Fdiagram%3E%3C%\
2Fmxfile%3E\x99\x92e\xb4\x00\
\x00\x1a4IDATx^\xed]\x07xTU\xda\
~SH\xef\x05\x92@\x1aI(\x09 \x0a\x8b *\
,UP,\x80(\xbbV,\xbf\xfa[wUDt\
EY+\xbb\xf6U\xf8U\x5c\xd7.X@P\xbaX\
(\xb2t\x08&\x94\xf4F*\xa4\x91\x9e\xff\xf9.\x06\
\xe30\x999\xf7\xce\x9d\x99\xcc=\xdf\xf7<\xf3\x8c\x98\
\xef\xb4\xf7\x9cw\xce\xbd\xe7|\xc5\x0d\x0bN\xb4\x83\x85\
\x11`\x04\x9c\x86\x80\x1b\x93\xd0i\xd8s\xc3\x8c\x80\x82\
\x00\x93\x90\x17\x02#\xe0d\x04\x98\x84N\x9e\x00n\x9e\
\x11`\x12\xf2\x1a`\x04\x9c\x8c\x80Y\x12\xb6?\x11\xec\
\xe4nq\xf3\x8c\x801\x11p{\xf2\xe4Y\x03c\x12\
\x1as\xaeyT\xdd\x14\x01&a7\x9d\x18\xee\x96<\
\x080\x09\xe5\x99k\x1ei7E\x80I\xd8M'\x86\
\xbb%\x0f\x02LBy\xe6\x9aG\xdaM\x11\xb0\x99\x84\
\x0b67\x9c5\xb4\x05c}\xcc\x0e\xd7V\xddn\x8a\
\xa1Kw\xcb\xcd\xcdM\xe9\x7f{\xfbo\x96\x8a\xf4\xff\
L\xff\xdd1\xc8\x8e\xff\xafU\x87\xcaw\x94U\xd3\xb6\
\xb5\xfe\x99\xab\xb7\xf3\xb8:\xb7i\xaak:&K\xba\
]a\xd5U\x19\xd2\xef\xf8[W\xbc\xb0\x99\x84\x7f|\
\xaf\x0e\x9bsZ\xce,\xc4\xb1\x09\x9e\xf8\xeeF\x7f\xb3\
\x0b\xd3\x16]\x97^\xe9\xdcy\xe9\x11\xb0\xc4\x0b&\xa1\
\xf4\xcb\x83\x01p\x04\x02LBG\xa0\xccm0\x02\x16\
\x10`\x12\xf2\xf2`\x04\x9c\x8c\x80]I\xf8\xe4\xf7\x8d\
g\xbd\xd8w\xf5\x02\xaaVW\xe4e\xbc3\xb6\xe6\x0e\
\x0b,\xd5an^\xac\xd5am.m-\xdf\xf9E\
\xbe\xa3-\xd1\x03\x0cs\x87)j1\xb46>\xfe\xbb\
v\x04\xecv0\xa3\xbdK\x5c\x92\x11`\x04\x94\x1f]\
\xb6\x1d\xe5\x85\xc0\x088\x17\x01&\xa1s\xf1\xe7\xd6\x19\
\x01\xde\x09y\x0d0\x02\xceF\x80wBg\xcf\x00\xb7\
/=\x02\xc2$\xec\xca\x0aFz\x04\x19\x00F\xc0F\
\x04\xc8\x92\xccT8\xbc\x85\x8d\xa0rqF\xc0V\x04\
\x98\x84\xb6\x22\xc8\xe5\x19\x01\x1b\x11`\x12\xda\x08 \x17\
g\x04lE\x80Ih+\x82\x5c\x9e\x11\xb0\x11\x01\xb3\
$$\xdb7\x16F\x80\x11\xd0\x1f\x81\xce\xae\x80\x1d\xb5\
s\xb45\xfdq\xe6\x1a\x19\x81.\x11\x10\xbe\xa2\xe0\xb8\
\xa3\xbc\x8a\x18\x01\xfb \xc0$\xb4\x0f\xae\x5c+# \
\x8c\x00\x93P\x18*Vd\x04\xec\x83\x00\x93\xd0>\xb8\
r\xad\x8c\x800\x02LBa\xa8X\x91\x11\xb0\x0f\x02\
LB\xfb\xe0\xca\xb52\x02\xc2\x080\x09\x85\xa1bE\
F\xc0>\x080\x09\xed\x83+\xd7\xca\x08\x08#\xc0$\
\x14\x86\xca>\x8aM\xad\xed8^\xdd\x84\x92\x9a&\x1c\
W>\xcd\xcawym3\x1aZ\xda@\x7fohn\
Cc\xcb\xe9\x0f\xfd\xbf\x1e\xeen\xf0\xe9\xe1\x0e\x1fO\
w\xf8zy(\xdf\xf4\xef\x98 /D\x05y!&\
\xd8\x0b1A\xde\xcaw\x80\xb7\x87}:\xce\xb5\xea\x86\
\x00\x93P7(\xc5*jnm\xc7\xde\xc2Z\xec)\
\xa8U\xbe\x8f\x94\x9d\x12+\xa8Q\xabW\xa0\x17\xce\xe9\
\x1d\x80A\xd1~\xe8\x17\xe9\x8b\xa4\x08_\x8d5q1\
{!\xc0$\xb4\x17\xb2\x9d\xea-\xabm\xc6\xd6\xec\x93\
\xd8SP\x87}E\xb5\xa8mlu@\xab\xe6\x9b\xe8\
\x15\xd8\x03\x83\xa2\xfd\xf1\x87\xb8 \x8c\x88\x0fD \xef\
\x94N\x9b\x8b\x8e\x86\x99\x84v\x9a\x02zt\xdc\x96S\
\x8d-Y\xd5\xca7\xfd\xbb\xbb\x09\x11\x90\x88\xc8\x84t\
\xee\xcc0\x09u\xc6\x9f\x1e/\xd7fT);\x1f\xed\
\x80\xae\x22\xa1~\x9e\xb8d`\x98\xf2\xa1wK\x16\xc7\
!\xc0$\xd4\x09k\x22\xdf\xea\xf4\x0a\xac>T\xa9S\
\x8d\xce\xa9\xc6\xcf\xcb\x03\x93\x07\x84*d\xec\x1bn>\
\xc5\x9dszf\xdcV\x99\x846\xce\xadQ\xc8g\x0a\
\x83\xbb\x9b\x1b\xa6\x0d\x0a\xc7\x8cs\x22\x10\xcd;\xa3\x8d\
\xab\xc4rq&\xa1Fxk\x9bZ\xf1\xc9\xaeR|\
\xba\xa7Lc\x0d\xaeQ,\xd4\xd7\x133\x87Fb\xe6\
\xd0\x08\x101Y\xf4G\x80I\xa8\x01\xd3\x8d\x87O\xe0\
\xe3\xdd\xc7\x91[y:\x19\x8e\x0c2\xa0\x97\x1ff\x9e\
\x13\x811\xc9!2\x0c\xd7\xa1cd\x12\xaa\x80;\xab\
\xa2\x01\x1f\xef*\xc5\xe6\xa3'T\x942\x96\xea\x94\xd4\
0\xcc9?\x0a!\xbe\x1c\xeeD\xaf\x99e\x12\x0a\x22\
\xb9\xe9p\x15\x16o-FU\xfdo\xa9\xc1\x05\x8bj\
R\x0b\xf2\xf1@d\x80\x17\xc2\xfd=\x95\xef\x08?O\
D\x04\xf4@\x84\x7f\x0f\xd47\xb7)'\xafe\xb5M\
\xcawy]\x0bJ\xc9\xca\xa6\xce1\xa7\xb1\x09a>\
\x0a\x11G%\x06i\x1a\x1b\x17\xfa=\x02LB\x81\x15\
\xb1\xf4\xe7\x12e\x07\xb4\x97\xc4\x86z\xe3\xfc\xb8 \x8c\
L\x08<C<oOwM\xcd\x11\x11\x89\x90\x07\x8b\
\xeb\xb1#\xaf\x06\xfb\x0ak5\xd5#Rh\xf6\xb0\x9e\
\x0a\x19YlC\x80Ih\x01\xbf\xa2\xea&,\xd9R\
\xac\xdc\xf9\xe9)^\x1en\x8a)\x19}F%\x04\x22\
.\xd4~W\x015\x8d\xad\xd8\x9d_\x83]\xf9\xb5\xf8\
o^\x8d\xee\xbb\xe5\x88\xf8 \xcc\x9b\x18\x8b\x00/\xb6\
Q\xd5\xbaF\x98\x84] \x97[\xd5\x88\xbf\xaf\xcdE\
Ne\x83Vl\x7fW\x8e\x1e+G%\x04cH\x0c\
\x99\x8c\x05:\xcd\xb0zoa\x9dB\xca\x9d\xf95\xba\
\xd9\xad\xd2N\xfe\xcc\xa5\x89\x8a\xf18\x8bz\x04\x98\x84\
f0#\x02>\xb4\xe2\x98.\xef\x7f\xb40\xa7\x0c\x0c\
\xc5\x94\xd4p\xd0q\x7fw\x91\xb6v`\xc5\x81r\xac\
8P\x81\xc2\x93\xb6\x9f\xf2zz\xb8\xe1\xb5\x19\xc9H\
f\x03q\xd5S\xcc$4\x81\x8c\x08x\xeb\xc7\x99\xaa\
\x814-@\xbb\xc3\x94_\xcd\xc0\xba\xb3\x914=\xae\
\xae<X\x81\x15\xfb\xcbQu\xca\xf6C\xa7\x97\xa7'\
#-\xca\xcff\xfcd\xaa\x80I\xd8i\xb6\xf7\x17\xd5\
\xe1\xaf_\x1d\xb3i\xfe\xc9\xd4\x8bv=\xda\xfd\xb4\x1e\
\xae\xd8\xd4\x01\x8d\x85Kk\x9b\x15\x22\xae8Xa\xb3\
\xb1\xf9\xdb\xb3\xfb#>\xd4[cO\xe4+\xc6$\xfc\
u\xce\xb3+\x1ap\xfb\xa7\x875\xaf\x80`_O\xdc\
4\xa2\x17\xa6\xa6\x86\xc3\xdd\x85\x0dKr*\x1a\x14\x22\
\xaeJ\xaf\xd0\x8c\x05\x15d\x22\x8a\xc3\xc7$\x04\x94\xbb\
\xb6[?\xc9D}\x936w#:\xe5\xfc\x9f\x0b\xa2\
\x91\x12i\x1c\x87YzW|\xfd\xc7B\xf1\x95d\xa2\
I\xce\xc4O_\x96\xc8;\xa2\x00\x82\xd2\x93\xf0Ts\
\x1b\x1e\xf8\xf2\x18\x8e\x95k\xf3p\xbf|P8\xee\x18\
\x1d\x83\x1e\x1e.\xbc\xfdu\xb1P\xb6fW\xe3\x95\xef\
\x0bP\xa9\xd1@!1\xdc\x07\xcf\x5c\x96\xa8\x18\x18\xb0\
t\x8d\x80\xf4$|rM.~\xca\xd2v\x0fx\xcf\
\xc5\xbdA$4\xb2\xd0\xc1\xcd#_g\xe3pi\xbd\
\xa6a^\x90\x18\x84'\xa7$h*+K!\xa9I\
H\x1e\x10oo+\xd64\xd7\xff\xb8\xa2\xafr\xd9.\
\x8b<\xb5&\x17?j\xfc\xb1\x22w(zZ`1\
\x8f\x80\xb4$$s\xae\x87Wf\xa3\xad\xbd]\xf5\xda\
X~s*\xe8 F6\xf9:\xbd\x02\xaf~\xaf\xed\
=\xf1\xee\x8bbp\xc5\xe0\x08\xd9 \x13\x1a\xaf\x94$\
\xa40\x82t\x19\x7f\xa8D\xfd#\xd6\xb2\x9bS\xa5\xf6\
  \xd3\xb7GWe\x0b-.S\xa5\x97\xaeJR\
\x82L\xb1\xfc\x1e\x01)I\xb8dk1\x96\xefU\xef\
\x8c\xfb\xc2\xe5}qn\x1fy\x1eA\xbb\x22\xcb\x86\xcc\
*<\xbf1_5\x97F&\x04a\xe1T~?4\
\x05N:\x12n\xcf\xad\xc1\xe3\xab\xd5\xff\x92\xdfua\
\x0c\xae\x1a\xc2\x8fS\x1d\x0bh\xf9\xber,\xd9R\xa4\
\x9a\x88\xf7\x8d\xe9\x8d\xcb\xd2\x8c}\x98\xa5\x16\x14\xa9H\
H\x8f\xa1d\x11\x93q\x5c\xddc\xe85\xe7\xf5\xc4\xad\
#\xd9e\xc7tq\xbd\xb5\xad\x18\x9f\xa9\x0c\xefA\xb6\
\xb4\xf4X\xca\xd7\x16\xbf\xa1)\x15\x09\xdf\xfd\xb9\x04\x1f\
\xa9\xf4\x0b\xa4`G\xf7^\xdc[\xed\x8f\x9b4\xfa\xcf\
\xac\xcf\xc3wG\xd4E\x1a\xb8rH\x04\xfe\xf7B>\
-\xedX$\xd2\x90\x90B\xce?\xb4\x22K\x159\xc6\
\xf7\x0b\xc5#\x13bU\x95\x91M\x99\xa2\x89?\xb6:\
\x1b\xe9*\x0f\xb9\xde\xb8:\xc5P\x16F\xb6\xcc\xbb4\
$\x5c\xb0&G\x89\x86-*\xbd\x83\xbd\xf0\xca\x8c\x14\
\x04\xfb\xb0\xb3\xaa5\xcc(\xec\xe3\xbd\x9f\x1fE\x0b\xf9\
G\x09\xca\xa5\xa9a\xb8\x7fl\x1fAmc\xabIA\
\xc2\xf4\x92:\xdc\xff\x85:\xef\x08Z \xb4PX\xc4\
\x10X\xb2\xb5\x08\xcb\xf7\x96\x8b)\xff\xaa\xc5\xbb\xe1i\
 \xa4 !\xd9?\xaeJ\x17\x8f\x8c=<6\x00\xcf\
N\xeb\xabjA\xc9\xaeLF\xf0\xf7|~\x14\x15*\
\x82M\xf1n(\x09\x09\x8bN6\xe2\x8e\xcf\x8e\x80\x0c\
\xb5E\xe5\xf9\xcb\xfb\xe2<\xbe\x0f\x14\x85\xeb\x8c\xde\xa7\
\xbbK\xf1\xf6\xf6\x12U\xe5\x96\xce\xee\x0fr\x80\x96Y\
\x0c\xbf\x13\xfegG\x09\xde\xdf)\x1e)mZZ8\
\xee\x1d\xc3\xa7\xa1ZHA\x99\xa7\xee\xfbB\x9dG\xca\
\xad\xa3\xa2q\xcd\xb9\x91Z\x9a3L\x19\xc3\x93\x90v\
AQ7\xa50?OPx\x06\xce\xbd\xa0}}\xaf\
\xf9\xa5\x12\xff\xfc\xae@\xb8\x82\xd4(\x7f\xbc2=I\
X\xdf\x88\x8a\x86&\xe1\xce\xbc\x1a\xccSa\xe7x\xfb\
\x05\xd1\xb8z\xa8\xdc\xbf\xcaz,\xf2\x87Wf)\x99\
\x88E\xe5\xc5+\x9308F^\x9bRC\x93\xf0\xd5\
\x1f\x0a\xf1\xf5A\xb10\x0d\x94\x93\xef\xbd\xeb\x06\x88\xae\
\x1b\xd6\xb3\x80\xc0\xb6\xecj\xfc\xed\xdb\x1ca\x8cdw\
u2,\x09)T\xc5\x9c\x8f3\x85O\xeb\xc89\x97\
\x9ctYlG\x80\xbc\xc3\xfe\xfc~\x86\x12\xa6_D\
bC\xbc\xb1\xf4O\xfdET\x0d\xa9cX\x12\xfep\
\xec$\x16\xae\xcd\x15\x9e\xb4\xa7\xa6&`T\x02\xe7V\
\x10\x06\xcc\x8a\xe2\xa2M\x05X\x97!~-\xf4\xf2\xf4\
$\xa4E\xc9\xf9HjX\x12\xaa1.\xf6\xf7r\xc7\
\xb2\x9b\xd3\x0c\x19'F/R\xa9\xad\x87\xd2\xc7=\xb7\
!O\xb8\xd8\xf5\xc3{\xe2\x86\x11r\x1a\xc9\x1b\x96\x84\
\xf7}qT\xd8iwB\xffP\xcc\x1d\xcf6\xa2\xc2\
\x8c\x11P\xa4\xeb\x8a\xe9\xef\xa4\x83<WDdp\xb4\
?^\xbcJ\xceSRC\x92\xb0\xba\xa1\x153\x96\xa6\
\x8b\xcc\xbd\xa2\xf3\xf8\xe4x\x5c\x9c\x14,\xac\xcf\x8ab\
\x08<\xfeM\x0e\xb6\xe7\x88\xdb\xeb\xae\xbc-\x0d\xbe=\
\xe4\xb3\xd55$\x09i\xe2i\x01\x88\xca\x8a[\x07\xc1\
\xcfK[*2\xd16d\xd4\xfb\xe6P%^\xda,\
~gH\xe1\x11)Y\x8elbH\x12\xbe\xb5\xb5\x18\
\x9f\x09\x86\xaf\x18\x16\x1b\x88\xe7\xa6%\xca6\xef\x0e\x19\
ouC\x0bf,=$\xdc\xd6\x9d\xa3\xa31\xfd\x1c\
\xf9\xeei\x0dIB5\x8fA\xb7\x8c\x8c\xc2\xb5\xe7\xf5\
\x14^(\xac\xa8\x0e\x81\x07Wd\x09'*\x95\xd5\x81\
\xda\x90$\xbc\xe9\xc3L\xe1t_\xf3&\xc6a\x5cJ\
\x88\xba\x95\xc5\xda\xc2\x08\xbc\xb01\x1f\xeb3\xab\x84\xf4\
)\x88\x16\x05\xd3\x92M\x0cGB\xf2+\x9d\xfc\xe6~\
\xe1y\xe40|\xc2PiR\xfc\xf7\x8e\xe3\xf8p\xe7\
q\xa1\xb2\x91\x01=\xf0\xd1\x0d\x03\x85t\x8d\xa4d8\
\x12RV\xa1\xdbTdW\xfa\xf0\x86\x81\xe8\x19\xc0\xb9\
\x12\xec\xb5\xa8\xd5\x1e\xce\xac\xbds0\xdc\xdd\x8c\x97\xd7\
\xc3\x12\xbe\x86#\xe1\xae\xfc\x1a%w\x82\xa8\xac\xbfk\
\x88\xa8*\xebi@\x80\xd2r\xcfS1\x1f2\x9eT\
\x1b\x8e\x84?\x1e;\x89\xa7\x04\xcd\xd5h\x07\xa4\x9d\x90\
\xc5~\x08\xe4U5\xe2\x16\x15\x99\x8f?\xb9q \xc2\
%\xcb\xe2d8\x12\xae\xcd\xa8\xc4?6\x89\xddMQ\
Hvz'd\xb1\x1f\x02\x0d-m\x98\xf6\x7f\x07\x85\
\x1bx\xf7O\xfd\xd1'D.O{\xc3\x91PMr\
K:\x15\xa5\xd3Q\x16\xfb\x22@w\x85tg(\x22\
o\xceJAr\x84q\x92\xad\x8a\x8c\xd9p$\xfcx\
w)\x96\x0a\xc69\xa1\xfbA\xba'd\xb1/\x02w\
.;\x82\xa3ebIX\xc9~\x94\xecHe\x12\xa9\
I8sh\xa4\x92\xe6\x9a\xc5\xbe\x08P\xdc\x99C%\
uB\x8d,\x9e\x95\x82$\xde\x09\xe1\x86\x05'\xce2\
}o\x7f\xc25\x0c\x9c\xd5<\x8e^20\x0c\x7f\xfd\
#\x07\xa0\x15b\x87\x0dJ\xb7}r\x189\x95\x0dB\
5|zS*(\xd6\x8fLb\xb8\x9dP\xcd\xc1\xcc\
\xe8\xbe\xc1XpI\xbcL\xf3\xed\x94\xb1\xce~\xef\x17\
\x94\x0b\xc6#]{\xe7\x10\xb8\xcbuMh\xbc\xe0\xbf\
j\xae((\xdd5\xa5\xbdf\xb1/\x02W\xbc}\x10\
\x14n\xc4\x9aP\xf6c\xca\x82,\x9b\x18n'Ts\
Y\xdf+\xd0\x0b\x1f\x5c\xcf\xc1\x9d\xec\xbd\xe8'\xbe!\
fF\x18\x1f\xe6\x83\xb7\xaf\xedg\xef\xeet\xbb\xfa\x0d\
G\xc2\xec\x8a\x06\xdc\xae\xc2l\x8d-f\xec\xbb&\xd5\
\xcc\xc7\xd0>\x01X\xc4\x06\xdc\xca\x84\xb8\xf4\xc1\x0ce\
\x06\x9a\xb2\xf8\x80\xf0\xcaz\xff\xfa\x01\x88\x0a\xf4\x12\xd6\
gEu\x08l:r\x02\xcf\xae\x17\x8b536%\
\x04\xf3%\xbc\xb75\xdcNHK\xe4\xba\xf73p\xbc\
F,\xdc\x1e\xbd\x13\xd2\xbb!\x8b}\x10xg{\x09\
>\xd9-\x96\x86\x80\xd2\x91SZr\xd9\xc4\x90$$\
\x03nz7\x14\x91\x9bF\xf4\xc2\x9f\x87\xf7\x12Qe\
\x1d\x0d\x08<\xb6:\x07?\xe7\x8a\xc5\x99\xb9ct\x0c\
(\x10\xb0lbH\x12\xbe\xfec!\xe8\xbePD\x86\
\xc7\x06\xe2Y\x0eo!\x02\x95&\x9d\xa9K\x0e\xa2\xb9\
\xd5\xfa\xc9(U\xfe\xda\x8cd\x0c\xe8\xe5\xa7\xa9\x1dW\
.dH\x12\x92'7yt\x8b\x88\x8f\xa7;\x96\xcd\
I\x05}\xb3\xe8\x8b\x80\x9a\x00\xcc\xde\x9e\xeeXu\xfb\
 };\xe0\x22\xb5\x19\x92\x84%\xd5M\xb8\xfe\x83\x0c\
\xe1)x\xfa\xd2D\x8c\x88\x97/\xca\x970@\x1a\x15\
);\x13ei\x12\x91\xa1\xbd\xfd\xb1\xe8\x0a9=Z\
\x0cIB\x9a\xf49\x1fe\x22\xffD\xa3\xc8\xfcc\xd2\
\x800<4\x8e\xcd\xd7\x84\xc0R\xa1D?\x84\xf4\x83\
(\x22\xb3\x87\xf5\xc4\x9c\xf3\xe54\xa67,\x09_\xf9\
\xbe\x10\xab\xd2\xc5\xde\x0b}z\xb8\xe3\xadk\xfb\xf1U\
\x85\x08[\x04u~\xca:\x89'\xd7\x88\xe7\x02Yx\
i\x22FJ\xfa4bX\x12\xaaMVy\xdb\xa8h\
\xcc\x92<c\xac \xbf\x84\xd4\xd4DY#[\xd1\xe5\
s\xd2\x10\xe8-_\xf4m\x02\xd3\xb0$,\xaenR\
R\xa3\xb5\x08\xe6B\xe8\xdf\xd3\x0f\xaf\xcfL\x16Z`\
\xacd\x19\x012\xd6\xa6\xd7\x81S\xcdb\xa7\xa2i\xd1\
\xfexY\xe2\x08\x07\x86%!-\x13J\x8dF't\
\xa2\xf2\xc4%\x09\xb8\xb0/\xa7G\x13\xc5\xab+\xbd\x95\
\x07+\xf0\xda\x0f\x85\xc2\xd5\xc8\xee\xd7ih\x12n<\
\x5c\x85\xe76\x88]U\xd0\x8a\xb9()\x18\x7f\x9b\xcc\
\xaeM\xc2\xec1\xa3Hw\x82w\x7f~\x14Y\xe5b\
\xfe\x83T\xc5+\xd3\x93\x91\x1a%\xdf\xfd`\x07|\x86\
&!\x05\x19\xba\xf9\xc3La_6\x02\xe5_W\xa7\
\xa0_\xa4\x5c1Nl!\x9di\xd9\xe5\xfb\xca\xb0d\
K\xb1p\x95\x94\x0d\x8b\xb2b\xc9,\x86&!M\xec\
\xeb?\x16a\xc5\x81r\xe19\xe6\xddP\x18\xaa\xb3\x14\
O6\xb4\xe0\x9e\xe5GA\xef\xe3\xa2\xb2pj\x02F\
J\x9e!\xd9\xf0$<Rv\x0aw-;\x22\xba&\
\x14\xbd\xfb\xc7\xf4\xc1\xa5ia\xaa\xca\xb02\xf0\x9f\x1d\
%x\x7f\xa7\x98\xb16\xe1\xc5N\xd5\xa7W\x8d\xe1I\
H\x83|ys\x01V\x1f\x12\xb3\xdc }\xca\x89\xf0\
\xcf+\x93\x10\x1d\xc4.N\xa2?.\xe9\xc5u\xf8\xcb\
W\xc7@\xb9@D\xe5\xc1q\xb1\x98< TT\xdd\
\xb0zR\x90P\xcbn8i@(\x1e\x1a\xc7)\xb4\
EW\xfe\xa3\xab\xb2\xf1\xdf<1\xcf\x15\xaa3!\xdc\
\x07Kf\xf5\x93.\x9e\x8c9<\xa5 \xa1\x96\xdd\x90\
\xca\xcc\x9b\x10\x8bq\xfd\xf8\x97\xda\x1a\x11\x97\xef-\xc3\
\x92\xad\xe2\x871T\xdfm\x17Dc\xd6P\xf9\x12\x82\
JM\xc2\xa3\xe5\xa7\xf0\xc0\x97\xc7\xd0 x\x81L`\
\xc5\x85z\xe3\xc5+\x93@\x01\x88X\xcc#p\xb0\xb8\
\x0e\xf3Ve\xab\xc2\x95b\xfb\xbc63\x19\xa1\x8c\xab\
<\xef\x84\x1d\xcb\xe7\x83\x9d\xc7\xf1\xde\x0e\xb1\x5cy\x1d\
ed\xf5\xf6\x16\xf9\xd1\xa9ih\xc5\xbcUY\xc8,\
\x15\x8b\xae\xddQ\xe7_\xc6\xf6\xc1\x94T>\xf8\xea\xc0\
C\x9a\xc7Q\x1a0\xc5\x9fy\xe0\x8bc\xc8(\xad\x17\
Ycgt\xae\x1f\xde\x137\x8c\x90\xd3\xc2\xdf\x12P\
\x8b6\x15`]\x86\xf8\x81\x17\xd55&9\x18\x8fM\
\x92\xfb^\xd0\x14S\xa9HH\x83\xdf\x92]\x8d\x05\xdf\
\xe6\xa8\x22!)\xdf~A4\xae\xe6w\x983\xb8\xa9\
\xbd\x8e\xa0\x82\x11\xfe=\xf0\xcce\x89H\x0c\xf7Q\x8d\
\xbf\x91\x0bHGB\x9aL5\xce\xa6\x9d'\xff\xb9i\
\x89\x18\x16\xcb\xce\xbfZ\x08H8\xca\x1aC\xc6\xda\x0f\
\x88\x94$\xacml\xc5\xfc\xd59\xc2IJ:\x83H\
\xde\xdf\xe4\x05.\xabh% \x9b\xa7u\xbdb\xa4$\
!\xc1Aw\x87\xf3Wg\xa3\xaa^,o^g\x08\
\xe7\x8e\x8f\xc5\x84\xfe\xf2]]\xbc\xb5\xad\x18\x9f\xed)\
S\xfd\xfbC\x8f\xa1\x8fO\x8eCj\x94\xbc?^\x96\
@\x93\x96\x84\x04\x8a\x9a@D\xa6 R(\x06\x0a\xc9\
 \x83P\x98\x90\xc5[\x8a\xb0#W\xfc2\xbe3.\
\xfc\x18jy\x95HMB\x82\xe6\xd3=ex{\x9b\
\xba\x8b\xe6\x0eH\xc7&\x07c\xce\xc8(D\x07\x197\
\xbd3\x1dd\xbd\xf9S\x91p0es\xcb-6\xc4\
\x1b\x8fM\x8eG_>\x901\xcbF\xe9IH\xa8\xa8\
\xb5-\xed\x8c$\xd9\x97\x12\x11\xc7&\x87\x18nS\xfc\
pg)\xfe\xbd\xa3D\x97q\x11N\xe4\xb2\x94\xc2n\
bg\xe1\xc9$\xfc\x15\x92\xb9+\xb3\xb0\xbb\xa0V\xf3\
\x82\xbbbp\x04\xae97R1\xfevu\xa9\xack\
\xc6\xe2\xad\xc5\xf8\xee\xc8\x09]\x87B\xd8\xd0\x1d\xa1\xcc\
\x0e\xbc\xe6\x00e\x12vB\xe5\x86\x0f2T\xf9\xc2\x99\
\x02J\x8b\x8c\x88H\x84tUY\x9bQ\x85/\xf6\x95\
!\xabB\xdc3^\xcdX\xc3\xfc\x88\x88q\x18\x1c\xc3\
\x874\x1d\xb81\x09MV\x90h.=K\x0b\x8f\xee\
\x12\xaf\x1c\x12\xe1R!\xfc\xe8\x90\x8ab\xc3\xec+\xd4\
\xfe4 J\xc6 \x1fO\xcc\x9f\x14\x87\xf3\xfap\x22\
\x1e\xc2\x8cIhf\xe5\xdc\xbd\xfc(2U\x9a\xb6\x99\
[\x80\xa3\x12\x8205-\xbc[\x93\x912\x1b\xaf\xcb\
\xac\xc2\xf6\x1c\xb1\xa4-\xa2D\xb3\xa6\xe7\xe7\xe5\xa1\xec\
\x88\x7f\x88c\xe3\x07&a\x17\xab\xe5\xb5\x1f\x8a\xb0\xf2\
\xa0xX\x0cK\x8b\x8e\xc88\xbe_\x88\x12H\xca\xdd\
\xad{$d_\x97Q\x855\x19\x958PTg\x8d\
/v\xfb;\xe5\x9fxtb\x1c.H\x94;\xc2\x1d\
\x93\xd0\xc2\x12\xa3\xab\x0b\xba\xc2\xd0K\xe8\xa8\x9e\x88x\
a\xdf`\xa7\x9c\x12f\x1c\xaf\xc7\xd6\xecjPtl\
\xd1\x14\x01z\x8d\xbd\xabz<\xdc\xdd\xf0\xe8\x84XT\
\x9dj\xc5/\xc7\xeb\x7f\x17\x94k|J\x08\xce\xed\x13\
\x80(\x83G8`\x12ZYe\xe4\xb0\xfa\xee\xcf%\
h\x12\x0c\x22,\xbah\xe9\xbd\x91\xee\xcd\x92\x22|0\
0\xca\x1f1vZh\x87\xcbN\x81|\xfe\xe8qs\
\x8f\x0d\xa7\xbf\xa2\xe3\xb2\x87\x1e]\x01\xcd>\xcf\xb8\x86\
\x11LB\x81Us\xa8\xa4\x1eK\x7f.\xb1\xeb\xa1\x05\
9\xb8&G\xfa\x226\xd4\x07}\x82\xbd\xd0'\xc4[\
\xf9\x88^yT\xd6\xb7(\x17\xea\x94\x80\x85\xbeO\x93\
\xaf\x1eU\xf5\xcd\x02#\xec\xfe*\xf4\x04A\x8f\xae\x9e\
\x143\xdf`\xc2$\x14\x9c\xd0\xb6\xf6v,\xdd^\xa2\
\xeb\xe3\xa9H\xd3\xf4\x0e\xe9\xdb\xc3]\xf9P\xe2\x1a:\
\xd0\xa0\xff\xaekjE]c+\xea\x9a\xda\x94\xffn\
U\x13aI\xa4\xe1.t<=\xdc0cH\x04\xca\
j\x9bA\xf9\xe8\x1d)\xf4nMD$\x1c\x8c$L\
B\x95\xb3\xb9-\xa7\x1a\xcb\xf6\x969\xf5@Ce\x97\
uS\x1f\x11\x1f\xa4\xa4\xb3\xee\xb8Zxqs\x01\xbe\
U\x11\xc5N\x8f\x8e\xd0i\xea\xbc\x89q\x86J\x1e\xc3\
$\xd4\xb82\xbe:P\x81\xe5{Kq\xbc\xc6\x18\x8f\
{\x96`\xa0\x0bv\xcaXe.\x9f\xfc\xbf~,\x04\
a\xe1H!W\xb2G'\xc6#\xd4\xcf\x18\xb1\x7f\x98\
\x846\xac\x9e\x8a\xbafeW\xfc|\x9f>W\x196\
t\xc5.E\xe9\xb1\xf7\xf2\xc1\x11\xb8<-\x0c=\x03\
\xbb\x8e\xc1\xaa\xf7)\xb2\xc8`(\x93\xd3\xfc\x89q\xc2\
\xef\xcc\x22u:K\x87I\xa8\x03\xf2\xe4\x9b\xb8:\xbd\
BU\x80a\x1d\x9a\xb5k\x15dz7--\x0c\xf1\
ab\xa1(\xb4\x04\xd1\xb2u\x00\x94\xce\x8e\xde\x11c\
\x82];H3\x93\xd0\xd6\x95\xd0\xa9\xbc\xab\x93\xb1w\
\xb0\x97\xe2\x0dB\x1f\x0a\xce\xabV\xe8\x89\x80\xfc\x0e\x1d\
)t\xcd3\x7fR\xbc\x12\x9e\xd2U\x85Ih\x87\x99\
#2\xae\xcf\xac\xc2\xce\xfc\x1a\xe4W5\xda\xa1\x05}\
\xab<?>\x08cS\x82\x15\xf2\xd9z\x05\xf0\xcd\xa1\
J\xbc\xb4\xb9@\xdf\x0eZ\xa9-6\xd4\x1b\x8fM\x8c\
G\xdf\x08\xf5?\x1c\x0e\xedh\x17\x8d1\x09\xed<\x0b\
{\x0bk\xb1+\x9f>5JH\x8d\xee\x22t\xd8\xd2\
A\xbc\x81\xbd\xf4\xcd\x0d\xb8\xf9\xe8\x09<\xbd.\xcf\xa1\
C\x8d\x0a\xf4R\x1c\x87\xfb\xf7t\xbd\xb4vLB\x07\
.\x152\x1b\xdb_\x5c\x87\x83Eu\xd8_T\xab\xdc\
\xf19R\x12\xc2|\x90\x1c\xe1\x8b\x81Q~\xa0\xa8\x00\
\xe4\xcd\xa0\xb74\xb6\xb4\xe1\xef\xeb\xf2\x1cn\x10N\xe3\
\xa0X6D\xc44\x17K8\xca$\xd4{\x15\xaa\xa8\
\x8f\xdc\x86\xe8\xb3\xbf\xb8\xfe\x8c\xa5\x8b\x8a\xe2\x16U\x83\
}<\x15\xb2\x0d\xe8\xe9\xabX\xe2$E\xf8*\x8b\xd4\
\x9er\xf2T\x0b\x16\xae\xcb\xb3\xabe\x91\xb5\xfeS\xca\
\x02\xf2\xce\x18\xda\xdbu\xdc\xa4\x98\x84\xd6f\xd5\xc1\x7f\
/\xa9i\xc2\xf1\xea&t|7\xb6\xb4\x832\x0e\xd3\
7\xed2\xf49\xd5\xdc\xa6X\x8d\xd0N\x16\xe0\xe5\x8e\
@\x1fO\x04z\x9f\xfe\xa6\x7f\x93\xb9[L\xb0c\x0f\
*\xa8\xbf\x0b\xd7\xe6\xe1\xb0\x0e.`\xb6B\xee\xe7\xe5\
\xae\x84\xd2\x18\xee\x221b\x99\x84\xb6\xce8\x97W\x10\
p\xc6\x15\x85%\xe8\xbd<\xdc\x14\x22\xbaB\x16`&\
!\x93H7\x04>\xdfW\x86\xc5*\xf2\xd5\xeb\xd6p\
\x17\x15\x91\xdd\xedc\x93\xe3pQ\xdf`{7eS\
\xfdLB\x9b\xe0\xe3\xc2\xa6\x088\xe3\x8a\xa2\xabY\x18\
\xdf/\x14\x8fL\xe8\xfe\x89^\x99\x84\xcc#\xdd\x11\xa0\
(m\xcf\xacw\xec\x15\x85\xe9 .M\x0b\xc7\xfdc\
z\xeb>6{T\xc8$\xb4\x07\xaa\x5c\xa7rEA\
'\xa5M-\x8e\xbd\x86!\xe8]-\xa7$\x93\x90\x09\
c7\x04\xc8Pa\xe1\xda\x5cT7\xb4\xda\xad\x0d\xd3\
\x8a\xaf=/\x12\xb7\x8c\x8c6\xdb\x1eEH\x00\xdcp\
\xf3\xf9\xbd\x1c\xd6\x1f\x91\x86\x98\x84\x22(\xb1\x8ef\x04\
(n\xcc\xd3\xebr\x1d\xe2\xf2u\xe3\x88(\x5c7\xdc\
|\x18\x8c%[\x8a\xb0\xfcWo\x97\x19\xe7D\xe2\x8e\
\xd1\xe6\x89\xaay\xa06\x14d\x12\xda\x00\x1e\x17\x15C\
 \xab\xe2\x14\x9e]\x9f\x8f\x9cJ\xfb\x04\x14\xa6^X\
J\xe2\xfa\xea\x0f\x85\xf8\xfa\xe0\xef}\x1e/K\x0b\xc7\
}\xdd\xe4\x9d\x91I(\xb6\x8eX\xcbF\x04\x8a\xaa\x9b\
\xf0\xec\xfa<\x90\xe9\x9e\xder\xcf\xc5\xbdq\xf9\xa0p\
\xb3\xd5.\xda\x94\x0f\x0a\xefhN(\xbd\x1d\xa5\xb9s\
\xb60\x09\x9d=\x03\x12\xb5O\xc1\xa8\x9e\xdb\x90\xa7k\
\xd4\xb7\x07\xc7\xf5\xc1\xe4\x01ag\xa1\xd8\xdc\xda\x86\x17\
6\xe6c\xf3\xd1\x93\x16\x11\xa6\x00R\xf3&\xc4\xa1\x87\
\x87\xf3\x02H1\x09%\x22Aw\x18*\x05\xa5za\
c\x01\xb6f[&\x87\xb5\xbe\x92\xcb\xd5\xdc\x09q\x8a\
!\xba\xa9P&f\x22 \xc5\x03\x12\x11\x8a\x9d3o\
B,\x02\xbc=D\xd4u\xd7a\x12\xea\x0e)Wh\
\x0d\x81\x96\xb6v,\xda\x98\xaf9Z\x9b\xbf\x97\x07\xe6\
N\x88\x05E_3\x15\xca(\xf5\xfc\xc6|\xd5\x19\xb6\
\x86\xc4\x04(\xf91\xc2\x9c\x10\xb7\x86Ihm\xc5\xf0\
\xdf\xed\x86\x009\xff\x92\x85\x8d\x1a!\x92\xd0\x0eh.\
\x99Lqu#\x9e\xdf\x90\x8f\xf4\x12m\xef\x9d\xe4\x8b\
x:\x5c\x86c\x8d\xdf\x99\x84jV\x00\xeb\xea\x8e\xc0\
\x1b?\x15\xe1\xcb\xfdb\x81\xb2(\xd1(\x1d\xa4P\x90\
'S\xc9\xadjT\x0e~\x8e\x95\xdb\xe68M>\x97\
/]\x95\xe4\xd0GS&\xa1\xee\xcb\x8a+T\x8b\x00\
\x05U\xfexw\xa9\xc5bD\x8e\x87\xc7\xc7\x9a\xcd\xe1\
A\x11\x0b\xe8.\xb2\xf0d\x93\xda\xa6\xcd\xea/\x9e\x95\
\xa2\xf8_:J\x98\x84\x8eB\x9a\xdb\xb1\x88\xc0G\xbb\
J\x95\x9c\x1f\xe6\x84\x1e\x13\xe7\x8e\x8f\x03\xc5\x921\x15\
\xca\xb3A\xa14\xca\xeb\xf4\x89\xff:\xe7\xfc(\xcc\x1e\
\xe6\xd8\xbc\x17LB&G\xb7A\xc0\x5c\xb4\xb6!1\
\xfe\xca\x0e\xd8\xcbL\xdc\xd3]\x05\xb5xzm.j\
\x1a\xf51\x8b\xbbst4\xa6\x9f\x13\xe9p<\x98\x84\
\x0e\x87\x9c\x1b\xb4\x84\xc0\xaa\xf4\x0a\xbc\xf2}\xa1\xa22\
\x22.P! \x85\xac0\x15\xba\xe2 O~:i\
\xd5C\x1e\x18\xdb\x07SS\xcf\xbeo\xd4\xa3nku\
0\x09\xad!\xc4\x7fw8\x02\x1b2\xab\xb05\xa7\x1a\
\x0f\x8d\x8bU\x92\xdf\x98\x8a\xde\xaeR\x94\xdbb\x5cJ\
\x88\xc3\xc7\xd9\xd1 \x93\xd0i\xd0s\xc3\x96\x10ho\
\x07\xcc%5\xfe\xf6\x97J\xbc\xf8\x9d>qM)N\
\x0f9\xfd\x8eNt\xae\xe7=\x93\x90\xb9\xe02\x08P\
\xe2\x19J@\xa3\x87\x84\xf8z\xe2\x91\x09q\x18\x16\xeb\
\xfc\xa8lLB=f\x94\xeb\xb0;\x02\x9f\xec.\xc5\
;\xdb\xcd\x9f\x9e\xaam\x9c\xd2o\x93\xbdhj7\x89\
O\xca$T;\x83\xac\xefp\x04\x0aN4*\xce\xc1\
Y\x15\xb6\xbbB\xc5\x87y+\x04t\xe4=\xa05\xc0\
\x98\x84\xd6\x10\xe2\xbfw\x0b\x04N\x9cjQ\xee\x03\xc9\
[_\xab\x0c\xe8\xe9\x87G&\xc6\xa2\xb7\x83\xcd\xd2\xac\
\xf5\x97Ih\x0d!\xfe{\xb7A\xa0\xb9\xb5]q\x85\
\xfa\xe1\x98z\x0f\x0c\x8a\xc8MF\xdf\xf6\x8eB\xae\x05\
,&\xa1\x16\xd4\xb8\x8cS\x11xys\x81\xaa\x5c\x90\
\x14\x00\x98lN\x9d\xe5\xaad\x0d,&\xa15\x84\xf8\
\xef\xdd\x12\x81\xb7\xb6\x15\xe3\xb3=eV\xfb6i@\
\x18\x1e\x18\xdb\xdb\xe6\x94oV\x1b\xb2A\x81Ih\x03\
x\x5c\xd4\xb9\x08(\x97\xfa\xd9\xd5\x8a\xf3\xae\xa9\xe5\xcc\
\xa8\xc4 \x8cN\x0c2\xebu\xef\xdc^\x9f\xdd:\x93\
\xb0\xbb\xcd\x08\xf7G5\x02D\xc0\xf4\xe2\xba3\xe5(\
\xc57\xdd\x03\xba\x8a0\x09]e\xa6\xb8\x9f\x86E\x80\
Ih\xd8\xa9\xe5\x81\xb9\x0a\x02LBW\x99)\xee\xa7\
a\x11`\x12\x1avjy`\xae\x82\x00\x93\xd0Uf\
\x8a\xfbiX\x04\x98\x84\x86\x9dZ\x1e\x98\xab \xc0$\
t\x95\x99\xe2~\x1a\x16\x01&\xa1a\xa7\x96\x07\xe6*\
\x080\x09]e\xa6\xb8\x9f\x86E\x80Ih\xd8\xa9\xe5\
\x81\xb9\x0a\x02LBW\x99)\xee\xa7a\x11`\x12\x1a\
vjy`\xae\x82\x00\x93\xd0Uf\x8a\xfbiX\x04\
\x98\x84\x86\x9dZ\x1e\x98\xab \xc0$t\x95\x99\xe2~\
\x1a\x16\x01&\xa1a\xa7\x96\x07\xe6*\x080\x09]e\
\xa6\xb8\x9f\x86E\x80Ih\xd8\xa9\xe5\x81\xb9\x0a\x02\xc2\
$t\x95\x01q?\x19\x01# \xe0\x86\x05'\xf4\xc9\
7e\x044x\x0c\x8c\x80\x13\x10`\x12:\x01tn\
\x92\x11\xe8\x8c\x00\x93\x90\xd7\x03#\xe0d\x04\x98\x84N\
\x9e\x00n\x9e\x11\xf8\x7fj\x82c\x05\xc1.\xffJ\x00\
\x00\x00\x00IEND\xaeB`\x82\
\x00\x00\x15\xc8\
\x89\
PNG\x0d\x0a\x1a\x0a\x00\x00\x00\x0dIHDR\x00\
\x00\x00\xab\x00\x00\x00\x90\x08\x06\x00\x00\x00wU\x9bw\
\x00\x00\x00\x01sRGB\x00\xae\xce\x1c\xe9\x00\x00\x05\
ptEXtmxfile\x00%3Cm\
xfile%20host%3D%\
22app.diagrams.n\
et%22%20modified\
%3D%222022-10-05\
T07%3A02%3A57.82\
3Z%22%20agent%3D\
%225.0%20(Window\
s%20NT%2010.0%3B\
%20Win64%3B%20x6\
4)%20AppleWebKit\
%2F537.36%20(KHT\
ML%2C%20like%20G\
ecko)%20Chrome%2\
F105.0.0.0%20Saf\
ari%2F537.36%20E\
dg%2F105.0.1343.\
53%22%20etag%3D%\
22_rQAqMk9zVGaVV\
ljLHlA%22%20vers\
ion%3D%2220.4.0%\
22%20type%3D%22d\
evice%22%3E%3Cdi\
agram%20id%3D%22\
uzbTDIeKd6uhhh1k\
yxa7%22%20name%3\
D%22Page-1%22%3E\
7VZNj5swEP01HFfi\
I2ySY0g221aqtFUq\
9ewFB9waTI1JSH59\
x7ENGMh%2BVFF7aE\
%2FBb8ZvhnkPO06w\
zptHjsrsM0swdXw3\
aZxg4%2Fi%2BN%2F\
M9%2BJHISSHz5UwB\
KSeJTuqAHTljDboa\
rUmCKytRMEYFKW0w\
ZkWBY2FhiHN2tNP2\
jNpVS5TiEbCLER2j\
30giMoUuQrfDP2CS\
Zqay5%2BpIjkyyBq\
oMJezYg4IHJ1hzxo\
R6yps1pnJ4Zi5q3%\
2FZKtG2M40K8ZUOU\
n7Lmixvvvn9af31c\
nTfn%2FOOd3CBpDo\
jW%2Bo11t%2BJkRh\
DX%2FIAliecEES6S\
lRwrLAtWQEaUiZzq\
IGd1kbSpleDsB14z\
yviFKHDd7RbGYyJm\
nktA9qwQWnxfl9HL\
ucxnNY%2FxE%2BYk\
xwLzXYliUqQQdFXq\
llCqV6p7nIxU7cbk\
tcMH12IGlPwEKcdO\
XqNu1lPWYBxTJMjB\
pkfaZWlL11Z4YgQK\
%2B67%2BIlpj6%2B\
8hXLg2hX5Xtasv54\
AoGBJ5AyKBeIrFiA\
jUQ6deWikTqusNB%\
2B6gztx9sS%2FYYO\
fbtoQH1YFZ9TTooI\
t132Pj2es2Bho4NK\
RjjxkRWJpIRo5wbt\
kuRlWpTpI9aaSZx0\
aWNp4w8nzCyHuw5t\
RO3S%2FmAjfvdeo1\
Bxilek72J5zsD4zS\
N21Ppt9QIfwHVfCW\
09%2FH31NhMaHCPY\
Wy0TM8pOLy3gqQc7\
L0uf9ZMxO4qy4TXE\
FC4JeN2qbjhmhlmK\
BVRWYXALhXdOAFGL\
oYiE5JWsBzDMPHIF\
YkpSFwG690ICdJIr\
dHHEN36PlCJZXUxx\
jwhpETbiRXLZh6g4\
nbSN9dfV8YaGCdW1\
hkHg6O6nBkkZeunN\
tbZPkHLRL9t8jrFv\
GXtkVm4fgUuZFFYN\
n96VQXcPfXPXj4BQ\
%3D%3D%3C%2Fdiag\
ram%3E%3C%2Fmxfi\
le%3E/\xd8\x89\xed\x00\x00\x10\x06IDA\
Tx^\xed\x9dylU\xc5\x1e\xc7\xbf\x0dD\xa5\xb5\
jK\x14Yk\x0dP\x90g(*\x96EA(\xa9\
\xb2\xa3\x14\xa9E\x88\x88\xb4J\x0dPD\x82\x0bh\x05\
\xa1Q\x10T\x8a\xb4\x01\xb5@m\x09\xb8`U\x10\xd9\
\xe2\x93>!\xe2\x16\x95E\x8d\xf4\x01\x12\x0dK\x80@\
\x85\x04\xfa\xf2;\xf4\xde\xdew{\xe9=\xb3\x9cs\xee\
9\xf77\xe7\x0f\x0a\x9d\xdf\xcco\xbe\xf3\xc90\xfb\xc4\
\xd4\xd6\xd6\xd6\x82\x03+\xe0\x02\x05b\x18V\x17\xd4\x12\
\xbbh(\xc0\xb02\x08\xaeQ\x80auMU\xb1\xa3\
\x0c+3\xe0\x1a\x05\x18V\xd7T\x15;\xca\xb02\x03\
\xaeQ\x80auMU\xb1\xa3\x0c+3\xe0\x1a\x05\x18\
V\xd7T\x15;\xca\xb02\x03\xaeQ\x80auMU\
\xb1\xa3\x0c+3\xe0\x1a\x05\x18V\xd7T\x953\x8e\xce\
\x993\x07\xb3g\xcf6\x9dyJJ\x0a\xda\xb7o\x8f\
>}\xfa ++\x0b\xed\xda\xb53m\x1b.\x22\xc3\
\x1aN\xa1(\xff\xbd(\xac\x81r%&&\xe2\xb5\xd7\
^\xc3\x981c\xd0\xb4iSe%\x19Ve\x09\xbd\
\x9d\x80\x0a\xac\xa4L||<\x96-[\x86\x87\x1ez\
\x08111Jb1\xacJ\xf2y\xdfX\x15VR\
(--\x0d\xe5\xe5\xe5HNNV\x12\x8caU\x92\
\xcf\xfb\xc6\xc1\xb0\xe6\xe6\xe6b\xd1\xa2Eh\xd6\xacY\
\x83\xc2_\xbcx\x11\x07\x0e\x1c\xc0\x92%K\x8c8\x81\
\xa1\xa2\xa2\x02\xa3G\x8fV\x12\x8caU\x92\xcf\xfb\xc6\
\x22\xb0\xfa\xd48z\xf4(\xc6\x8e\x1d\x8b\x8d\x1b7\xfa\
\x05z\xe9\xa5\x970k\xd6,%\xc1\x18V%\xf9\xbc\
o,\x03kMM\x0d\xf2\xf3\xf3Q\x5c\x5c\xec\x17\x88\
\xfa\xad\xd4*\xab\x04\x86UE\xbd(\xb0\x95\x81\xf5\xf0\
\xe1\xc3F\xcb\xbam\xdb6C!\x1adm\xd8\xb0\x01\
\xbd{\xf7VR\x8caU\x92\xcf\xfb\xc6\x22\xb0\x9e?\
\x7f\x1e{\xf7\xeeEaa\xa11\xa0\xf2\x85\x89\x13'\
\x1a}\xd8\xb8\xb88%\xc1\x18V%\xf9\xbco\xac:\
\x1b\x90\x91\x91a\x0c\xb8:t\xe8\xa0,\x16\xc3\xaa,\
\xa1\xb7\x13P\x81u\xca\x94)x\xe6\x99g\xd0\xa2E\
\x0b-\x221\xacZd\xf4n\x22*\xb0\x92*C\x86\
\x0cAAA\x01\xbau\xeb\xc6\x8b\x02\xde\xc5$2J\
\xa6\x0a+\x95\x22))\x09\xa5\xa5\xa5\xe8\xdb\xb7\xafR\
\xa1\xb8eU\x92\xcf\xfb\xc6\xa2\x03\xac\xbf\xff\xfe\xdb\x18\
\x5c\xd1 \xeb\xf8\xf1\xe3~\x81\xfa\xf5\xeb\x87U\xabV\
\xa1u\xeb\xd6\xd2\xa21\xac\xd2\xd2E\x87\xa1\x08\xac>\
E\xe8F\xaa\xb2\xb22c\xfa*0\xac^\xbd\xda\xd8\
\xd4\x22\x1b\x18VY\xe5\xa2\xc4N\x06V\x92\xa6\xba\xba\
\x1a\xd9\xd9\xd9\xa8\xaa\xaa\xf2+\xa5\xba\x8a\xc5\xb0F\x09\
t\xb2\xc5dXe\x95c;\xdb\x15\x90\x85u\xd3\xa6\
M\xc8\xcc\xcc\xc4\xe9\xd3\xa7\xfd>\xcf\x9b7\xcf\x98\xca\
\x92\x0d\xdc\xb2\xca*\x17%v\xa2\xb0\x9e<y\x12\x95\
\x95\x95\x98;w.\xf6\xed\xdb\xe7W\x89\x96\x5c?\xfc\
\xf0C\xa4\xa7\xa7K+\xc7\xb0JK\x17\x1d\x86:\xa6\
\xaeH\xa9Q\xa3F\x19\x1b[\x12\x12\x12\xa4\x85cX\
\xa5\xa5\x8b\x0eC\x1d\xb0\xf2<kt\xb0\xe2x)U\
a\xa5\x03\x84\xb4=\x90\x16\x04\xf8X\x8b\xe3\xd5\xe9m\
\x07Da\xa5\xbeijj\xaa1\xf9?|\xf8p\x0c\
\x1a4\x08\xd7\x5cs\x8d\x16\x91\xb8\x1b\xa0EFN\xc4\
\x0e\x05\x18V;T\xe6<\xb4(\xc0\xb0j\x91\x91\x13\
\xb1C\x01\x86\xd5\x0e\x959\x0f-\x0a0\xacZd\xe4\
D\xecP\x80a\xb5Ce\xceC\x8b\x02\x0c\xab\x16\x19\
9\x11;\x14`X\xedP\x99\xf3\xd0\xa2\x00\xc3\xaaE\
FN\xc4\x0e\x05\x18V;T\xe6<\xb4(\xc0\xb0j\
\x91\x91\x13\xb1C\x01\x86\xd5\x0e\x95\xbd\x94\x07\x1d\x02\x5c\
\xb7\x0e\xd8\xba\x15\xf8\xfe{\xe0\xe0A\xe0\xecY 6\
\x16h\xdb\x16HM\x05\xfa\xf7\x0723\x81\xc4D\xad\
%gX\xb5\xca\xe9\xe1\xc4\x0e\x1d\x02\xe6\xcf\x07\x96.\
5_\xc8I\x93\x00:\x19\xd0\xa6\x8dy\x9bFb2\
\xacZd\xf4x\x22%%\xc0\xd4\xa9@M\x8dxA\
\xa9\xc5\xa5\xbbZsr\xc4m\x83,\x18Ve\x09=\
\x9e\xc0\xf4\xe9\xc0\xc2\x85\xea\x85|\xea)`\xc1\x02\xa5\
t\x18V%\xf9<n\xac\x0bT\x9fL\x8a\xc02\xac\
\x1e\xe7M\xbax\xf4_\xbf\xe2\xe5\xbf!\xf3\xa6\x0b\x86\
%\xbb\x04\x0c\xabtmz\xd8\x90\x06S))\x97F\
\xf9\xba\x03\xbdE\xb0\x7f\xbf\xd4\xa0\x8ba\xd5]\x19^\
H//Ol\xd4/Zf\x9a%(*\x12\xb5\x02\
\xc3*,\x99\xc7\x0dh\x1e\xb5ys\xeb\x0by\xec\x98\
\xf0<,\xc3j}\xb5Dt\x0e\x87q\x18\xfb\x03\xbe\
\x9bK6#/\xf7G\xeb}\x96\xe8\xbb2\xac\xd6W\
\x8b\xe39\x10\x8c?\xe1'\xfc\x8e\xdf\xf1[\xddG?\
W\xa3\xba\x81o\x15Y\xc0\xe856\xb8LobU\
T\x08e\xc4\xb0\x0a\xc9\x15\xf9\x91\x09\xcc\xddA\xdfi\
\xd4\xdf7\x15\xae\x04{;\x01)\xf5\xb7\xfe\x84\x8b.\
\xff{\x1a\xc0\xed\xdd+d\xcf\xb0\x0a\xc9\x15Y\x91U\
\xc1\x0cU\x9a3q@\xac\x05\x93\x00\x0d\xf2\xa2\x95\xad\
3g\x84\x04eX\x85\xe4r.\xf2\x19\x9cA\x15\xaa\
\xf0\x9f\xba\x8f~>\x85S\xda\x1d\xaaU{\x0bX\xcc\
\x9f\xdaZ\xa1\xf8\x0c\xab\x90\x5c\xf6E\xfe\x15\xbfbW\
\xd0w\x11\x17-w\x80[V\xcb%v\x7f\x06'q\
\x12[\xea\xbe/\xf1\xa51 r\x22p\x9f\xd5\x09\xd5\
]\x90'\x8d\xc8}\x80n\xc6f\x1cG\xfd\x83\x11N\
\xb9\xcf\xb3\x01N)\x1f\x81\xf9~\x83o\xb0\x09\x9b@\
pn\xc3\xa5\xb7M#)\xe4\x94\x00\xc5j\xef\x01\x9b\
+\x0e\xcf\xb3\x9a\xd3\xc9\x89X\x04g)J\xb1\x1a\xab\
\x9d\xc8\xbe\xd1<o\xc0\x0dHA\x0a:\xa0\x03:\x1f\
o\x81\xe9\xcd\xe7[\xef#\xaf`Y\xaf\xb1h\x0e\xeb\
\xb0\xce\x80\xf4\x13|\x22j\xaa=~\x17tA't\
2\xc0\xa4\xaf=\xda#\x09Ih\x8d\xa0\xb7\xa9xo\
\x80v\xed#:\xc1\xe5Xn@\xfa\x15\xbe\xb2\xddO\
\x82\xf2\x16\xdc\x82\xe0?M;B\xbb\xae:v\x94;\
\x19\x10.\x13\x9a_\xa5\xb7\x06$\x8e\xba\xf0\xd4U8\
q\x05\x7f\xbf\x03;0\x0f\xf3\xf0\x19>\x13\xb4\x14\x8f\
~\x1d\xaeCwtG/\xf42\xc0\xf4\xc1)\x9eR\
\x08\x0b\xde\xcf\xaaE\xc6\x88L\xe4\x1f\xfcc@J\xdf\
\x05\x5c\xb0\xc4\xc7\xae\xe8\x8an\xe8f\x00\xda\x1b\xbdA\
\x7f\xb74\xf0I\x01K\xe5u$\xf1\xf5Xo@J\
\x93\xf8:\xc3\xdd\xb8\x1b\xfd\xd1\x1f\xb7\xe16\x03\xd0\x96\
h\xa93ysi\xe9\x02V\xf1H\x0b9\xcb\xdd\x00\
sUv\xd9X\xef\xe2]\x8c\xc7x\xc5T.\x99'\
 \xc1\x803\x1d\xe9\xc6\x9f4\x08\x8a\x88@]\x82\xfc\
|\xb9\x93\x03t2`\xf1b\xe9\xa3,\x81\xe5gX\
\x15h(B\x11\x9e\xc4\x93\x0a)\x00\xed\xd0\x0e\x831\
\xd8\x0f(\x01\x1b\x91\x81\xef\x0d\x88\xc8j1\xe5\xd4|\
\xcc\xc7\xb3x\xd6T\xdcP\x91z\xa2'\xc6\xd4}4\
PrM\xe0\x1bY\x5cSU\x86\xa3k\xb1\x16\x0f\xe2\
A)\xa73\x91i :\x02#\xa4\xec\xa3\xd9\x88\xbb\
\x01\x12\xb5OSE\xb4UO$d#\x1b\xf9\xc8\xc7\
\x1d\xb8C\xc4\x8c\xe3\x06(\xc0\xb0\x0a\xe2\xb0\x08\x8b0\
\x0d\xd3L[\xa5!\x0d\xd31\x1d\xd4\xa2rPS\x80\
a\x15\xd0\x8f6@\xd3r\xe5!\x1c2eU\x88B\
\x03\xd4&hb*>Gj\x5c\x01\xcb`\xa5\x17\x90\
\x1f\x7f\xfc\xf1\x06\xb9\xcf\x9a5\x0b/\xbc\xf0\x02\x9a4\
q_\x05\xee\xc4N\xf4@\x0fSL\xbd\x8d\xb7\xb5M\
i\x99\xca0\x0a\x22Y\x02\xeb\x89\x13'0a\xc2\x04\
\xe3}\xf9\xe00`\xc0\x00\xac\x5c\xb9\x12-[:0\
\xc1\xadX\xa1\x04\xe0\x04L\x08\x9b\xca\xabx\xd5hQ\
9\xe8U\xc0\x12Xw\xec\xd8\x81\x81\x03\x07\xe2\xf4\xe9\
\xd0\xa7*\xd7\xaf_\x8fa\xc3\x86\xe9-\x89\x0d\xa9M\
\xc2$\xbc\x85\xb7\x1a\xcdi\x10\x06\xe1S|j\x837\
\xd1\x97\x85vX/\x5c\xb8\x80\x82\x82\x02\xd0k\xca\x97\
\x0b\x93'O\xc6+\xaf\xbc\x82+\xaf\xbc\xd2U\x8a\x0f\
\xc4@l\xc4\xc6F}\xa6\x96\x97v\x5cq\xd0\xaf\x80\
vX\xff\xfc\xf3O\x8c\x193\x06\xdb\xb7o7\xbc\xed\
\xda\xb5+F\x8c\x18a\x00\xec\x0biii(//\
Grr\xb2\xfe\x12Y\x98b\x1e\xf2\xb0\x14\x8d\xdf\xfc\
L\x0b\x05/\xe3e\x0b\xbd\x88\xde\xa4\xb5\xc3\xfa\xc1\x07\
\x1f`\xe4\xc8\x91~E\xa9\x15\xa5\x81\xd6\xf8\xf1\xe3\xb1\
s\xe7N\xff\xbf/_\xbe\xdc\xe8\xd7\xba)P_t\
\x06f4\xea\xf2M\xb8\x09\x7f\xe0\x0f7\x15\xcb5\xbe\
j\x85\xf5\xdc\xb9s\x981c\x06\xdex\xe3\x0d\xbf\x00\
\xef\xbf\xff>\x06\x0f\x1e\xdc\xe0\xdf\x1fy\xe4\x11,Y\
\xb2\x04qqq\xae\x11\xab\x1c\xe5\xa0\xc9\xfdp\xe1M\
\xbc\xa9\xbcg \x5c\x1e\xd1\xf8{\xad\xb0\xfe\xfc\xf3\xcf\
\x185j\x14\xf6\xec\xd9ch\x19\xf8\xdf}p\x8bK\
\xb3\x01\x95\x95\x95\xb8\xfd\xf6\xdb]\xa3;]\xcbcf\
\x05\xaa-\xda\x1a}[\xda\xad\xcfA\x9f\x02Za\x0d\
\x9e[\xcd\xcf\xcfGaa!\xae\xb8\xe2\x0aTWW\
#;;\x1bUUU~\xef\x17.\x5c\x08\x8a\x13\x13\
c\xe75 j\xe2\xe5\x22\x17%(\x09\x9b\x08\xed\xda\
\xff\x1a_\xe3j\x5c\x1d6.G0\xa7\x806XC\
\xcd\xad\x06NQ\x9d?\x7f\x1e3g\xce\xc4\x22z\xb9\
\xa3.\xdc\x7f\xff\xfdX\xb1b\x05\x12\x12\x22t[\x5c\
\x08\x0d\xcd\xb6\xaedJ\xc0:uY\x85\xb9\xeawW\
,m\xb0\xee\xda\xb5\xcb\x18\xf5\x1f9r\xc4P\xe0\x9e\
{\xeeAYY\x19Z\xb5j\xe5W\xe4\x8b/\xbe@\
FF\x86\xff\xef\xf1\xf1\xf1\xc6\xc2Azz\xba\xabT\
3\xdb\xbaR\xa1h\xd3\x0b\x9d\xcb\xe2\xa0\xae\x80\x16X\
C\xcd\xad\x86ZV\x0d\x9e\xd6\x22\xf7\xdd\xb8\xfc*\xd2\
\xbaR\x19\xaf\xc7\xf5\xc6\xa5jt\xf4\x99\x83\xbc\x02Z\
`\x0d\x86\xf0r-f(\xa8{\xf5\xea\x85\xf7\xde{\
\x0fIII\xf2\xa5p\xc0\xf2u\xbc\x8e\xa9\x98*\x94\
3]pA{Y9\xc8)\xa0\x05\xd6\xe0\x91~c\
\xeb\xff[\xb6l\x01\xf5U\x03\x97biz\xeb\x81\x07\
\x1e\x90+\x81\x83Vf\x16\x09\x82\xdd\xa3c04_\
{\x15\xaer\xd0swf\xad\x0ck\xa8\xb9UQ)\
\xdc\xba\xfcJ\xe5\x1c\x80\x01\xc6\xe5j\x22\xa1/\xfa\x1a\
+a<\xb5%\xa2\x9a\x86\xd3\xad\xc1s\xabb\xd9_\
\x8a\xdd\xb9sg\xac]\xbb\x16]\xbat\x911w\xdc\
\x86\x0e\xfd\x1d\xc4A!?\xe8X5M\x81\x0d\xc1\x10\
!\xbbh\x8e\xac\xdc\xb2^n\xdf\xaa\xa8\xa8n\x5c~\
\x0d,cs4\x97\xba\xb2\x92\xfa\xbe\x931YT\xae\
\xa8\x8c\xaf\x04kc\xfbVE\xd5\xcc\xcc\xcc\x04\x01{\
\xed\xb5\xd7\x8a\x9aFL\xfc\x87\xf10\xcaP&\xec\xcf\
\x14L\xc1b,\x16\xb6\x8b6\x03%X\x83\xe7V\xcd\
.\xa1\xd6\xd6\xd6\x1a\x8b\x03O\xd1-\x1du\x81l?\
\xfa\xe8#\xdcy\xe7\x9d\xae\xae\x83w\xf0\x0e\x1e\xc5\xa3\
\xc2e\x18\x8a\xa1\xf8\x18\x1f\x0b\xdbE\x93\x814\xac\xa1\
\xa6\xa1\xc6\x8e\x1d\x8b\xa2\xa2\x22\xd0\xd4U\xb8\x10\x0c:\
\xc5w\xe3\xf2k\xa8r\xd2\x80\x8b\x8ej\x8b\xdedM\
Sat \x91Ch\x05\xa4a\xa5\x95\xaaq\xe3\xc6\
a\xf3\xe6\xcd\xfe\x94E\xfa\x9d\xa1\xba\x10n>\xf2\x12\
,/=`A'\x0b\xe8\x12a\x91@\xf7f\x0d\x83\
\xfbNQ\x88\x94Q6\xae4\xac\xc1s\xab2#z\
\xea\x0aL\x9bV\x7f\xac\xd9\xad\xcb\xaf\x97\x13\xff\x1c\xce\
!\x079X\x89\x95B\xf5C+dt\x19\x1b\x87\xff\
W@\x0a\xd6Ps\xab2\xfbSw\xef\xde\x8d\xa1C\
\x87\xfa\xf7\x13\x90k\x81;\xb5\xbcRYO\xe3i,\
\xc0\x02\xd3\xc5!Pi\x8b!-\xd3r\xa8W@\x0a\
V\x16P\x5c\x01\x9a%\xa0\xd9\x02\xb3a$F\x82\xae\
x\xe7\xc0\xb0:\xc2\x00\x0d\xb8h>\xd6l\xf8\x0e\xdf\
!\x15\xa9f\xa3{>\x1e\xb7\xac6W\xf1\x11\x1cA\
+\xd4o\x9bl,{>|\xa8\xa1\xcfjs\xfdz\
.;\xda.H\xd7\xac\x87\x0bt\x99\xf0^\x88\xbd\x1c\
\x1d.M7\xff\x9e[V\x87jo\x19\x96\xe1\x09<\
\x116wz\x1a\x93\xaek\xe7\xa0a#\x0b\x8b(\xaf\
\x00\xb5\x9c\xf4\x0c{c\xe1y<\x8f9\xb8\xfc\x85!\
\xf2\xb9\xbb\xcf\x92[V\x07\xebl\x05V\xe01<\xd6\
\xa8\x07\xb4\xff\x95\x8evs\xe0\x96\xd5Q\x06\xcc<\x9e\
A\xd3]\xab\xb0\xcaQ?#%snY\x1d\xac\x89\
\x17\xf1\x22\x0aP\x7f\xadR(Wh\xbfk%*\x1d\
\xf42r\xb2fX\x1d\xaa\x8b_\xf0\x8bqT;\x5c\
\xc8B\x16\xe8&\x18\x0e\xdc\x0dp\x84\x81\xed\xd8\x8e~\
\xe8g*\xef\x0d\xd8\x80\xfbp\x9f\xa9\xb8^\x8f\xc4-\
\xab\xcd5L\xa7\x02\xcc\x0e\x98n\xc5\xad\xf8\x11?\xda\
\xeca\xe4f\xc7\xb0\xdaT7t\xde\x8a>\xdaQe\
6\xd0[[31\xd3lt\xcf\xc7cX-\xaeb\
\x19H\xc9\xa5>\xe8\x03\xea\x02\xc4\x22\xd6b\x0f\xdd\x93\
<\xc3jA]U\xa3\xda\x18\xc1\xd3\xd4\x94HK\x1a\
\xe8\xca\xb7\xf8\xd6x\x01\x9bC\xbd\x02\x0c\xab&\x1aN\
\xe2\xa4q\x86\x8a \xa5\x8f\x9et\x97\x0d\xa5(\xc58\
\x8c\x935\xf7\xac\x9d~X\x1d|\xdb\xd3\x89Z\x220\
}\x90\xfe\x85\xbf\x94]\xc8@\x06>\xc7\xe7\xca\xe9x\
1\x01}\xb0F\xc0\xab\xc9vT\xd0\x1e\xec\xc1\xbf\x03\
>\xfa/_Wx\x0e\xcfa.\xe6\xeaJ\xces\xe9\
\xe8\x81\x95\xde\xa3\x9f:\x15\xa8\xa9\x11\x17(6\x16\xa0\
;[sr\xc4mm\xb08\x8a\xa3\xa0y\xd1m\xd8\
\x86\xad\xd8j\xc9\x96=\xba]\x90\x8e\xbd\x0c\xc7p\x1b\
J\xe4\xde,\xd4a\x9d>\x9d\xceP\xab+@w\x08\
,0\x7fNI=\xc3\xd0)P\xcbI/\x09\xee\xc2\
.\xe3\x9a\xca\x1f\xf0\x83UY\x19\xe9N\xc4D\xd0\xb2\
\xab\xd9\x0d\xd9\x96:\x13\xe1\x89\xab\xc1\xaa\x0bT\x9fH\
6\x03K}L\x82\x92\xe0\xf4\x01z\x0a\xa7l\xa92\
\xda\xa0BG\xb5{\xa2\xa7-\xf9y!\x13yX\xe9\
\xbf\xfe\xdc\x5c\xfd\x1a\x14\x17k\xef\x12\xd0\x91h:\xc7\
\xef\xfbhZ\x88\xe0<\x80\x03\xfa\xfd\x0f\x93\x22\xbd\x8e\
M\x9b\xae\xfb\xa3\xbf\xedy\xbb=C9Xi0\x95\
\x92\x02\x9c=\xab\xbf\xfc\xcd\x9a\x01\xfb\xf7\x03m\xda\x08\
\xa5]\x8bZc#s \x94\xbe\x9fu\x0e\x82\x84\x9c\
\xaa\x8b\xdc\x0c\xcd\x8c\xfe(\xb5\xa6\x831X&\x09\xb6\
\x81\xecF\x96\xbc<`i\xe3/\xed)\xa9;i\x12\
PT\xd4 \x89\xc38\x0c\x02\x8f>j\x15}?\xff\
\x86K_\xa4\x05j=\x09R\xfa\x92\xe0\xae\x9b\xbd#\
MK\xf2G\xbce\xa5y\xd4\xe6\xe6\x8f\x13\xcb\x16\xfa\
\xf5c\xb3\xb1?\xf1\xa8q\xef\xe9\x7f\xeb\xbe\x138!\
\x9b\x9cmv\xb4\xf9\xc4\x07\xa8\x997\xb3ls\xcc\x03\
\x19\x89\xc3jU_5H\xcc\xdcb\xa0$2g\xb3\
\x1aT;m\xf7\xbb\x0bw\x19'V\xef\xc5\xbd\x1e\xc0\
\x222\x8b \x0ekV\x16\xb0f\x8d\xe5\xa5Y3\x1a\
\xc8\xaa\xb0<\x1b\xa9\x0c\xe8\xa0\x1fAI\x9bM\x08\xd0\
\x1bq\xa3T:l$\xa6\x808\xac\x9d:\x01\xfb\xf6\
\x89\xe5\x22\x11{_\x0a\xd0)B\x8e\xcc\xd3\x95\xea=\
\xd0\xc3\x004\x1d\xe9\xfcD\x90D}\xea0\x11\x87\x95\
\x1e\x06\xb6b\x16 \xa84gc\x81\xb83:\x8a(\
\x96\x06]\xefC}\xcd\xc0\xaf\x0d\xc4f&\xc4r\xe4\
\xd8f\x15\x10\x87\xd5\xc6wVcj\xcd\x16C.^\
<\xe2\xfdPvGw\xe3\xe7d$\xcb%\xc6V\x96\
+ \x0e\xabK[\xd6\xce\xe8\x0c\x1a\xa9\x07~7\xe3\
f\xcb\x05\xe6\x0c\xf4) \x0ek\x84\xf7Yi\x8d=\
\x18J\xfa{S4\xd5\xa7\x1a\xa7\xe4\x88\x02\xe2\xb0F\
\xc0l\x00\xedR\xa2\x8f\xde\x9f\xf2}m\xd1\xd6\x80T\
\xe4JIG\x14\xe7L\xa5\x15\x10\x87\xd5\xa6y\xd67\
\x8b\xff\x85_s\xfa\xa1\x03:\x18\xfdH\x82\x91\xc0L\
\x80{\x9e{\x97\xae\x156\x0c\xa9\x808\xac6\xad`\
\xe1\xd81 1\x91\xab\x8d\x15\xf0+ \x0e+\x99:\
\xb47\x80\xeb-\xba\x15\x90\x83\x95v]u\xec(w\
2 \x9c\xdetr\x80\x16\x1d\x04w]\x85K\x96\x7f\
\xef~\x05\xe4`\xa5r[\xd5w\xb5`?\xab\xfb\xab\
\x89K@\x0a\xc8\xc3J\xd6.?)\xc0\x08\xb8K\x01\
5Xu\x02k\xf3\x91\x16wU\x13{\xab\xde\xb2\xfa\
4\xa4.A~\xbe\xdc\x9e\x01:\x19\xb0x\xb1\xf6\xa3\
,\x5c\xbd\xdeS@\xbde\xf5i\x12%\xf7\x06x\x0f\
\x01\xf7\x94H\x1f\xac\xbe2G\xd9\x8d,\xee\xa9j\xf7\
{\xfa?1\x167\xba\xc3O\xb2!\x00\x00\x00\x00I\
END\xaeB`\x82\
"

qt_resource_name = b"\
\x00\x07\
\x07;\xe0\xb3\
\x00p\
\x00l\x00u\x00g\x00i\x00n\x00s\
\x00\x0d\
\x06\xca\x04u\
\x00o\
\x00s\x00o\x00i\x00t\x00e\x00t\x00y\x00o\x00k\x00a\x00l\x00u\
\x00\x0a\
\x02Q\x0a\x93\
\x00t\
\x00o\x00o\x00l\x00_\x00i\x00c\x00o\x00n\x00s\
\x00\x0a\
\x02-;\x87\
\x00t\
\x00o\x00o\x00l\x00_\x003\x00.\x00p\x00n\x00g\
\x00\x0a\
\x02&;\x87\
\x00t\
\x00o\x00o\x00l\x00_\x006\x00.\x00p\x00n\x00g\
\x00\x0a\
\x02+;\x87\
\x00t\
\x00o\x00o\x00l\x00_\x005\x00.\x00p\x00n\x00g\
\x00\x0d\
\x00Y\x12G\
\x00t\
\x00o\x00o\x00l\x00_\x001\x00_\x00v\x002\x00.\x00p\x00n\x00g\
\x00\x0c\
\x0b\xdf!G\
\x00s\
\x00e\x00t\x00t\x00i\x00n\x00g\x00s\x00.\x00p\x00n\x00g\
\x00\x0a\
\x02*;\x87\
\x00t\
\x00o\x00o\x00l\x00_\x002\x00.\x00p\x00n\x00g\
\x00\x0a\
\x02(;\x87\
\x00t\
\x00o\x00o\x00l\x00_\x004\x00.\x00p\x00n\x00g\
"

qt_resource_struct = b"\
\x00\x00\x00\x00\x00\x02\x00\x00\x00\x01\x00\x00\x00\x01\
\x00\x00\x00\x00\x00\x00\x00\x00\
\x00\x00\x00\x00\x00\x02\x00\x00\x00\x01\x00\x00\x00\x02\
\x00\x00\x00\x00\x00\x00\x00\x00\
\x00\x00\x00\x14\x00\x02\x00\x00\x00\x01\x00\x00\x00\x03\
\x00\x00\x00\x00\x00\x00\x00\x00\
\x00\x00\x004\x00\x02\x00\x00\x00\x07\x00\x00\x00\x04\
\x00\x00\x00\x00\x00\x00\x00\x00\
\x00\x00\x00\x9c\x00\x00\x00\x00\x00\x01\x00\x00J$\
\x00\x00\x01\x99L\xd4\x1c\x8b\
\x00\x00\x00h\x00\x00\x00\x00\x00\x01\x00\x00\x13\xb4\
\x00\x00\x01\x99L\xd4\x1c\x8d\
\x00\x00\x00\xf4\x00\x00\x00\x00\x00\x01\x00\x00\x9bj\
\x00\x00\x01\x99L\xd4\x1c\x8c\
\x00\x00\x00\xda\x00\x00\x00\x00\x00\x01\x00\x00|Z\
\x00\x00\x01\x99L\xd4\x1c\x8b\
\x00\x00\x00\x82\x00\x00\x00\x00\x00\x01\x00\x00;\x1d\
\x00\x00\x01\x99L\xd4\x1c\x8d\
\x00\x00\x00N\x00\x00\x00\x00\x00\x01\x00\x00\x00\x00\
\x00\x00\x01\x99L\xd4\x1c\x8b\
\x00\x00\x00\xbc\x00\x00\x00\x00\x00\x01\x00\x00b\x15\
\x00\x00\x01\x99\xe6\xa8Q\xf0\
"

def qInitResources():
    QtCore.qRegisterResourceData(0x03, qt_resource_struct, qt_resource_name, qt_resource_data)

def qCleanupResources():
    QtCore.qUnregisterResourceData(0x03, qt_resource_struct, qt_resource_name, qt_resource_data)

qInitResources()
